date,stock_id,tier,final_score,tech_score,fund_score,event_score,chip_score,ret_5d,ret_10d,ret_20d,ret_now
2026-05-25,3711,強力候選,58.0,75.0,45.0,50.0,,-2.593192868719611,-12.479740680713128,7.293354943273905,15.07293354943274
2026-05-25,2379,觀察股,50.0,55.0,45.0,50.0,,4.459691252144083,2.2298456260720414,48.02744425385935,30.7032590051458
2026-05-25,2317,觀察股,49.2,53.0,45.0,50.0,,12.452107279693486,3.256704980842912,-0.5747126436781609,-2.681992337164751
2026-05-25,2891,觀察股,46.8,55.0,37.0,50.0,,8.376963350785347,14.136125654450277,26.352530541012232,18.499127399650973
2026-05-25,2615,觀察股,46.8,55.0,37.0,50.0,,1.320528211284524,1.5606242496998766,-5.522208883553414,35.05402160864346
2026-05-25,2603,觀察股,46.8,55.0,37.0,50.0,,4.672897196261682,4.672897196261682,-11.682242990654206,11.214953271028037
2026-05-25,2609,觀察股,46.0,45.0,45.0,50.0,,5.984555984555988,-0.1930501930501821,-0.9652509652509652,13.513513513513514
2026-05-25,2345,觀察股,45.2,43.0,45.0,50.0,,-1.1811023622047243,-4.724409448818897,-4.133858267716536,-25.196850393700785
2026-05-25,2882,觀察股,44.8,65.0,22.0,50.0,,8.220858895705526,16.56441717791411,39.263803680981596,35.58282208588957
2026-05-25,2303,觀察股,44.0,40.0,45.0,50.0,,16.8,-3.2,36.0,29.2
2026-05-25,6415,觀察股,44.0,40.0,45.0,50.0,,-1.9417475728155338,-15.210355987055015,4.368932038834951,-33.17152103559871
2026-05-25,2353,觀察股,44.0,40.0,45.0,50.0,,19.076923076923087,8.615384615384606,2.7692307692307647,-1.9999999999999956
2026-05-25,2454,觀察股,42.0,65.0,15.0,50.0,,7.302709069493522,-4.122497055359246,6.831566548881036,17.314487632508836
2026-05-25,1590,觀察股,41.2,33.0,45.0,50.0,,-6.896551724137931,-11.724137931034482,-5.172413793103448,-18.275862068965516
2026-05-25,1303,觀察股,41.2,33.0,45.0,50.0,,23.421354764638355,11.940298507462693,77.38231917336395,191.61882893226178
2026-05-25,2360,觀察股,41.2,33.0,45.0,50.0,,4.878048780487805,-0.40650406504065045,-7.926829268292683,-15.447154471544716
2026-05-25,8046,觀察股,41.2,33.0,45.0,50.0,,2.3755656108597285,-5.995475113122172,2.828054298642534,60.633484162895925
2026-05-25,2886,觀察股,40.8,55.0,22.0,50.0,,4.9367088607595,4.303797468354437,14.43037974683545,23.670886075949372
2026-05-25,2881,觀察股,40.8,55.0,22.0,50.0,,13.101330603889455,18.730808597748204,40.736949846468775,54.042988741044006
2026-05-25,2395,觀察股,40.0,30.0,45.0,50.0,,3.711133400200602,-5.516549648946841,-2.206619859578736,45.035105315947845
2026-05-25,2301,觀察股,40.0,30.0,45.0,50.0,,3.076923076923077,-3.9560439560439558,-1.7582417582417582,25.054945054945055
2026-05-26,3711,觀察股,54.0,55.0,45.0,70.0,,-3.436988543371522,-6.873977086743044,6.873977086743044,16.20294599018003
2026-05-26,2002,觀察股,50.8,65.0,37.0,50.0,,-2.820512820512824,-3.8461538461538463,-0.769230769230762,-2.820512820512824
2026-05-26,2317,觀察股,50.0,55.0,45.0,50.0,,16.409266409266408,7.142857142857142,-1.1583011583011582,-1.9305019305019304
2026-05-26,2376,觀察股,50.0,55.0,45.0,50.0,,16.220238095238095,6.845238095238096,0.8928571428571428,9.672619047619047
2026-05-26,2379,觀察股,50.0,55.0,45.0,50.0,,10.677966101694915,10.338983050847457,36.10169491525424,29.152542372881356
2026-05-26,2360,觀察股,49.2,53.0,45.0,50.0,,-3.2,-4.3999999999999995,-13.600000000000001,-16.8
2026-05-26,6415,觀察股,48.8,40.0,45.0,74.0,,-8.253968253968253,-16.19047619047619,-3.968253968253968,-34.44444444444444
2026-05-26,2882,觀察股,48.3,65.0,22.0,67.5,,7.340553549939842,25.15042117930205,32.37063778580025,32.972322503008435
2026-05-26,2330,觀察股,47.2,53.0,30.0,70.0,,4.845814977973569,1.5418502202643172,5.286343612334802,10.572687224669604
2026-05-26,2891,觀察股,46.8,55.0,37.0,50.0,,11.28472222222221,20.13888888888889,21.354166666666675,17.88194444444445
2026-05-26,2603,觀察股,46.8,55.0,37.0,50.0,,9.219858156028367,4.964539007092199,-11.82033096926714,12.529550827423167
2026-05-26,2615,觀察股,46.8,55.0,37.0,50.0,,3.312883435582826,3.926380368098163,-3.312883435582826,38.036809815950924
2026-05-26,2609,觀察股,46.0,45.0,45.0,50.0,,3.0769230769230793,-0.7692307692307665,-0.7692307692307665,13.076923076923071
2026-05-26,2345,觀察股,45.2,43.0,45.0,50.0,,-7.442748091603053,-5.534351145038168,-9.351145038167939,-27.480916030534353
2026-05-26,5880,觀察股,44.4,35.0,45.0,62.0,,1.5418502202643234,5.066079295154195,7.488986784140966,14.53744493392071
2026-05-26,2303,觀察股,44.0,40.0,45.0,50.0,,8.42911877394636,-2.2988505747126435,36.39846743295019,23.754789272030653
2026-05-26,2357,觀察股,44.0,55.0,30.0,50.0,,31.616595135908444,21.602288984263232,10.300429184549357,38.054363376251786
2026-05-26,1303,觀察股,43.2,33.0,45.0,60.0,,23.89867841409692,9.25110132158591,71.80616740088107,179.73568281938327
2026-05-26,2454,觀察股,42.0,65.0,15.0,50.0,,6.096131301289566,4.9237983587338805,0.4689331770222743,16.764361078546308
2026-05-26,8046,觀察股,41.2,33.0,45.0,50.0,,-6.507592190889371,-0.8676789587852495,3.5791757049891544,54.01301518438177
2026-05-26,1590,觀察股,41.2,33.0,45.0,50.0,,-12.627986348122866,-10.921501706484642,-5.460750853242321,-19.112627986348123
2026-05-26,2301,觀察股,40.0,30.0,45.0,50.0,,-5.010438413361169,-6.471816283924843,-9.603340292275574,18.789144050104383
2026-05-26,2353,觀察股,40.0,30.0,45.0,50.0,,33.38557993730407,15.83072100313481,7.2100313479623965,-0.1567398119122168
2026-05-26,2395,觀察股,40.0,30.0,45.0,50.0,,0.9803921568627451,-4.019607843137255,-7.156862745098039,41.76470588235294
2026-05-27,2308,強力候選,55.5,75.0,30.0,67.5,,-2.579365079365079,-12.698412698412698,-21.428571428571427,-24.404761904761905
2026-05-27,2317,觀察股,54.0,65.0,45.0,50.0,,17.045454545454543,-0.3787878787878788,-2.462121212121212,-3.787878787878788
2026-05-27,1303,觀察股,54.0,65.0,45.0,50.0,,18.32460732984293,-0.7329842931937203,62.30366492146597,165.96858638743456
2026-05-27,3711,觀察股,54.0,65.0,45.0,50.0,,-3.7383177570093453,-16.043613707165107,-0.1557632398753894,10.59190031152648
2026-05-27,2360,觀察股,54.0,65.0,45.0,50.0,,-3.0476190476190474,-15.80952380952381,-16.761904761904763,-20.761904761904763
2026-05-27,2891,觀察股,50.8,65.0,37.0,50.0,,19.08783783783783,15.202702702702704,19.25675675675674,14.695945945945951
2026-05-27,2301,觀察股,50.0,55.0,45.0,50.0,,1.6260162601626018,-13.414634146341465,-12.601626016260163,15.650406504065039
2026-05-27,2379,觀察股,50.0,55.0,45.0,50.0,,6.776859504132231,6.6115702479338845,34.54545454545455,25.950413223140494
2026-05-27,2353,觀察股,50.0,55.0,45.0,50.0,,38.21656050955414,15.286624203821669,7.643312101910824,1.4331210191082893
2026-05-27,2376,觀察股,50.0,55.0,45.0,50.0,,20.0,3.6090225563909777,0.4511278195488722,10.827067669172932
2026-05-27,8046,觀察股,49.2,53.0,45.0,50.0,,-0.11049723756906078,-6.4088397790055245,15.469613259668508,56.9060773480663
2026-05-27,3017,觀察股,48.0,65.0,30.0,50.0,,5.7407407407407405,-12.592592592592592,-7.222222222222221,30.0
2026-05-27,4938,觀察股,48.0,65.0,30.0,50.0,,19.975639464068216,15.468940316686972,4.7503045066991545,9.866017052375163
2026-05-27,2345,觀察股,47.2,43.0,45.0,60.0,,-1.3358778625954197,-9.732824427480915,-9.16030534351145,-27.480916030534353
2026-05-27,2615,觀察股,46.8,55.0,37.0,50.0,,2.5672371638141915,1.5892420537897276,-4.7677261613691835,37.530562347188265
2026-05-27,2603,觀察股,46.8,55.0,37.0,50.0,,12.056737588652481,5.4373522458628845,-12.529550827423167,12.529550827423167
2026-05-27,2882,觀察股,46.3,65.0,22.0,57.5,,7.494145199063221,16.978922716627633,30.562060889929732,29.391100702576107
2026-05-27,2609,觀察股,46.0,45.0,45.0,50.0,,2.0912547528517136,-3.802281368821293,-2.281368821292781,11.787072243346
2026-05-27,2885,觀察股,44.8,65.0,22.0,50.0,,7.05882352941177,4.705882352941171,12.100840336134459,13.277310924369756
2026-05-27,6415,觀察股,44.0,40.0,45.0,50.0,,-9.924812030075188,-25.93984962406015,-7.518796992481203,-37.89473684210527
2026-05-27,2357,觀察股,44.0,55.0,30.0,50.0,,32.81027104136947,13.55206847360913,6.704707560627675,37.660485021398
2026-05-27,2303,觀察股,44.0,40.0,45.0,50.0,,-9.059233449477352,-17.421602787456447,24.390243902439025,12.543554006968641
2026-05-27,2002,觀察股,42.8,45.0,37.0,50.0,,1.5706806282722363,-2.094240837696346,-0.2617801047120456,-0.7853403141361367
2026-05-27,2207,觀察股,42.0,35.0,45.0,50.0,,3.965702036441586,4.394426580921758,2.8938906752411575,10.39657020364416
2026-05-27,5880,觀察股,42.0,35.0,45.0,50.0,,2.857142857142851,4.6153846153846185,10.329670329670336,14.285714285714285
2026-05-27,1590,觀察股,41.2,33.0,45.0,50.0,,-4.529616724738676,-10.452961672473867,-3.1358885017421603,-17.421602787456447
2026-05-27,2395,觀察股,40.0,30.0,45.0,50.0,,0.7858546168958742,-8.546168958742632,-5.697445972495088,42.04322200392927
2026-05-28,2301,觀察股,52.0,55.0,45.0,60.0,,7.809110629067245,-9.544468546637743,-12.58134490238612,23.427331887201735
2026-05-28,2379,觀察股,51.5,55.0,45.0,57.5,,5.05050505050505,10.26936026936027,24.579124579124578,28.28282828282828
2026-05-28,2891,觀察股,50.4,55.0,37.0,68.0,,14.671163575042165,13.827993254637441,18.549747048903882,14.50252951096123
2026-05-28,3711,觀察股,50.0,55.0,45.0,50.0,,-5.422647527910686,-13.237639553429027,0.7974481658692184,13.237639553429027
2026-05-28,1303,觀察股,50.0,55.0,45.0,50.0,,22.65193370165746,7.071823204419895,63.53591160220995,180.66298342541435
2026-05-28,2376,觀察股,50.0,55.0,45.0,50.0,,10.814814814814815,0.7407407407407408,-5.333333333333334,9.185185185185185
2026-05-28,2360,觀察股,50.0,55.0,45.0,50.0,,1.9455252918287937,-14.785992217898833,-20.817120622568094,-19.06614785992218
2026-05-28,2395,觀察股,50.0,55.0,45.0,50.0,,6.422018348623854,-5.402650356778797,-7.135575942915392,47.40061162079511
2026-05-28,2317,觀察股,50.0,55.0,45.0,50.0,,11.406844106463879,-1.7110266159695817,-5.513307984790875,-3.4220532319391634
2026-05-28,3036,觀察股,47.5,55.0,30.0,67.5,,-2.5906735751295336,-19.689119170984455,-25.561312607944732,-26.59758203799655
2026-05-28,2615,觀察股,46.8,55.0,37.0,50.0,,3.717472118959108,3.8413878562577373,-4.956629491945477,39.40520446096654
2026-05-28,2603,觀察股,46.8,55.0,37.0,50.0,,11.848341232227488,7.109004739336493,-14.218009478672986,12.796208530805686
2026-05-28,2609,觀察股,46.0,45.0,45.0,50.0,,1.7208413001912157,-2.294455066921598,-4.2065009560229365,12.4282982791587
2026-05-28,2308,觀察股,44.0,55.0,30.0,50.0,,1.4644351464435146,-9.623430962343097,-24.267782426778243,-20.292887029288703
2026-05-28,3017,觀察股,44.0,55.0,30.0,50.0,,5.038759689922481,-9.496124031007753,-12.5968992248062,36.04651162790697
2026-05-28,2408,觀察股,44.0,55.0,30.0,50.0,,21.91358024691358,4.938271604938271,38.58024691358025,60.18518518518518
2026-05-28,4938,觀察股,44.0,55.0,30.0,50.0,,16.306954436450834,14.388489208633093,-2.8776978417266252,8.153477218225417
2026-05-28,3008,觀察股,44.0,55.0,30.0,50.0,,11.678832116788321,21.605839416058394,37.81021897810219,81.16788321167884
2026-05-28,2357,觀察股,44.0,55.0,30.0,50.0,,28.901734104046245,13.294797687861271,1.300578034682081,39.45086705202312
2026-05-28,2327,觀察股,43.6,40.0,30.0,78.0,,0.13477088948787064,13.477088948787062,36.79245283018868,-18.867924528301888
2026-05-28,8046,觀察股,43.5,35.0,45.0,57.5,,3.294117647058824,-5.0588235294117645,32.35294117647059,67.05882352941175
2026-05-28,2002,觀察股,42.8,45.0,37.0,50.0,,2.1220159151193556,-1.5915119363395265,0.7957559681697537,0.5305039787798295
2026-05-28,2885,觀察股,42.3,55.0,22.0,57.5,,8.121827411167509,4.230118443316413,12.182741116751261,14.043993231810498
2026-05-28,2345,觀察股,42.0,35.0,45.0,50.0,,3.0800821355236137,-6.570841889117044,-2.2587268993839835,-21.971252566735114
2026-05-28,5880,觀察股,42.0,35.0,45.0,50.0,,4.405286343612335,5.066079295154195,8.81057268722467,14.53744493392071
2026-05-28,2882,觀察股,40.8,55.0,22.0,50.0,,11.320754716981142,18.514150943396228,25.000000000000007,30.30660377358491
2026-05-28,2330,觀察股,40.7,43.0,30.0,57.5,,3.9215686274509802,-1.9607843137254901,1.9607843137254901,9.368191721132897
2026-05-28,2303,觀察股,40.0,30.0,45.0,50.0,,-11.971830985915492,-11.971830985915492,15.492957746478872,13.732394366197184
2026-05-28,2353,觀察股,40.0,30.0,45.0,50.0,,22.187500000000004,15.312499999999996,-0.31250000000000444,-0.46874999999999556
2026-05-28,6415,觀察股,40.0,30.0,45.0,50.0,,-8.064516129032258,-22.419354838709676,-7.741935483870968,-33.387096774193544
2026-05-29,2308,觀察股,54.0,55.0,30.0,100.0,,-5.930470347648262,-9.406952965235174,-22.085889570552148,-22.085889570552148
2026-05-29,2376,觀察股,54.0,65.0,45.0,50.0,,-0.2702702702702703,-7.567567567567568,-12.162162162162163,-0.40540540540540543
2026-05-29,3711,觀察股,52.0,55.0,45.0,60.0,,-5.564648117839607,-3.436988543371522,2.618657937806874,16.20294599018003
2026-05-29,2360,觀察股,51.5,55.0,45.0,57.5,,1.7857142857142856,-8.928571428571429,-17.46031746031746,-17.46031746031746
2026-05-29,1303,觀察股,50.0,55.0,45.0,50.0,,6.523955147808365,8.562691131498477,54.434250764526006,158.91946992864425
2026-05-29,2395,觀察股,50.0,55.0,45.0,50.0,,0.20202020202020202,-4.444444444444445,-4.545454545454546,46.06060606060606
2026-05-29,6415,觀察股,50.0,55.0,45.0,50.0,,-3.0,-18.833333333333332,-0.33333333333333337,-31.166666666666664
2026-05-29,2379,觀察股,50.0,55.0,45.0,50.0,,10.86206896551724,6.551724137931035,35.0,31.379310344827587
2026-05-29,2301,觀察股,50.0,55.0,45.0,50.0,,-1.9189765458422177,-7.462686567164178,-9.808102345415778,21.321961620469082
2026-05-29,4938,觀察股,49.5,65.0,30.0,57.5,,9.49152542372882,5.197740112994344,-7.118644067796607,1.920903954802263
2026-05-29,2615,觀察股,48.3,55.0,37.0,57.5,,4.999999999999993,3.6585365853658534,-4.146341463414641,37.19512195121951
2026-05-29,2603,觀察股,48.3,55.0,37.0,57.5,,8.92018779342723,7.042253521126761,-13.615023474178404,11.737089201877934
2026-05-29,2357,觀察股,48.0,65.0,30.0,50.0,,18.265440210249672,3.1537450722733245,-7.6215505913272015,26.806833114323258
2026-05-29,2337,觀察股,46.4,53.0,38.0,50.0,,-9.90990990990991,-12.012012012012011,-4.804804804804805,-27.32732732732733
2026-05-29,2408,觀察股,46.0,55.0,30.0,60.0,,3.7463976945244957,7.780979827089338,30.547550432276655,49.56772334293948
2026-05-29,2609,觀察股,46.0,45.0,45.0,50.0,,3.41555977229601,-0.5692599620493439,-2.4667931688804634,11.574952561669818
2026-05-29,2883,觀察股,44.8,65.0,22.0,50.0,,22.666666666666675,21.999999999999996,31.77777777777777,63.99999999999999
2026-05-29,5880,觀察股,44.4,35.0,45.0,62.0,,2.6258205689277805,5.251641137855576,8.752735229759299,13.785557986870888
2026-05-29,3036,觀察股,44.0,55.0,30.0,50.0,,-2.5996533795493932,-20.797227036395146,-27.55632582322357,-26.343154246100518
2026-05-29,3017,觀察股,44.0,55.0,30.0,50.0,,-2.4390243902439024,-9.75609756097561,-13.696060037523452,31.70731707317073
2026-05-29,3008,觀察股,44.0,55.0,30.0,50.0,,4.694167852062589,14.366998577524893,24.608819345661452,76.52916073968706
2026-05-29,2353,觀察股,44.0,40.0,45.0,50.0,,9.09090909090908,4.261363636363636,-8.522727272727272,-9.517045454545457
2026-05-29,2317,觀察股,44.0,40.0,45.0,50.0,,-1.5570934256055362,-9.86159169550173,-14.705882352941178,-12.110726643598616
2026-05-29,2002,觀察股,42.8,45.0,37.0,50.0,,1.0471204188481638,-1.0471204188481824,-0.2617801047120456,-0.7853403141361367
2026-05-29,2207,觀察股,42.0,35.0,45.0,50.0,,2.484472049689441,-4.554865424430641,-0.9316770186335404,6.625258799171843
2026-05-29,2345,觀察股,42.0,35.0,45.0,50.0,,2.4691358024691357,-3.909465020576132,-3.7037037037037033,-21.810699588477366
2026-05-29,2885,觀察股,40.8,55.0,22.0,50.0,,9.563758389261737,7.214765100671136,10.234899328859063,13.087248322147657
2026-05-29,1326,觀察股,40.0,45.0,30.0,50.0,,5.811623246492983,-2.2044088176352736,10.02004008016032,35.671342685370746
2026-05-29,2303,觀察股,40.0,30.0,45.0,50.0,,-8.996539792387544,-7.612456747404845,13.494809688581316,11.76470588235294
2026-05-29,2105,觀察股,40.0,53.0,22.0,50.0,,5.246913580246923,5.709876543209881,-6.635802469135799,-5.70987654320987
2026-06-01,1303,觀察股,54.0,65.0,45.0,50.0,,-9.30232558139535,8.837209302325581,54.88372093023256,136.27906976744185
2026-06-01,2603,觀察股,50.8,65.0,37.0,50.0,,0.0,0.2232142857142857,-17.633928571428573,6.25
2026-06-01,2379,觀察股,50.0,55.0,45.0,50.0,,-2.134646962233169,4.105090311986864,32.34811165845649,25.12315270935961
2026-06-01,2360,觀察股,50.0,55.0,45.0,50.0,,-5.038759689922481,-12.209302325581394,-16.27906976744186,-19.379844961240313
2026-06-01,2301,觀察股,50.0,55.0,45.0,50.0,,-6.823027718550106,-11.513859275053305,-5.330490405117271,21.321961620469082
2026-06-01,6415,觀察股,50.0,55.0,45.0,50.0,,-13.531353135313532,-11.716171617161717,-1.3201320132013201,-31.84818481848185
2026-06-01,2395,觀察股,50.0,55.0,45.0,50.0,,-8.897485493230175,-6.189555125725339,-4.835589941972921,39.845261121856865
2026-06-01,3711,觀察股,50.0,55.0,45.0,50.0,,-10.149750415973378,-1.8302828618968388,13.14475873544093,18.136439267886857
2026-06-01,2382,觀察股,49.2,75.0,23.0,50.0,,1.0738255033557047,-0.6711409395973155,-1.2080536912751678,-10.335570469798657
2026-06-01,8046,觀察股,49.2,53.0,45.0,50.0,,-8.176795580110499,-4.972375690607735,30.939226519337016,56.9060773480663
2026-06-01,2408,觀察股,48.0,65.0,30.0,50.0,,-11.009174311926607,3.669724770642202,18.610747051114025,36.04193971166448
2026-06-01,2317,觀察股,47.5,40.0,45.0,67.5,,-8.17717206132879,-8.858603066439523,-14.480408858603067,-13.458262350936966
2026-06-01,2337,觀察股,47.2,55.0,38.0,50.0,,-14.328358208955224,-5.074626865671641,-7.164179104477612,-27.761194029850746
2026-06-01,2615,觀察股,46.8,55.0,37.0,50.0,,0.2369668246445363,-1.0663507109004806,-6.1611374407582975,33.293838862559234
2026-06-01,1301,觀察股,46.0,45.0,45.0,50.0,,-8.299999999999997,-5.5,9.0,33.599999999999994
2026-06-01,2474,觀察股,46.0,75.0,15.0,50.0,,-1.5659955257270695,-6.935123042505594,-6.487695749440715,-7.158836689038031
2026-06-01,2345,觀察股,45.2,43.0,45.0,50.0,,-3.5856573705179287,-3.187250996015936,-0.5976095617529881,-24.302788844621514
2026-06-01,2412,觀察股,44.8,65.0,22.0,50.0,,-1.4234875444839856,3.558718861209965,0.7117437722419928,3.558718861209965
2026-06-01,3036,觀察股,44.0,55.0,30.0,50.0,,-13.043478260869565,-21.391304347826086,-25.565217391304344,-26.08695652173913
2026-06-01,2353,觀察股,44.0,40.0,45.0,50.0,,-8.785529715762289,-0.6459948320413437,-14.4702842377261,-17.70025839793282
2026-06-01,2308,觀察股,44.0,55.0,30.0,50.0,,-6.8181818181818175,-8.677685950413224,-19.421487603305785,-21.280991735537192
2026-06-01,2330,觀察股,44.0,55.0,30.0,50.0,,-2.547770700636943,0.8492569002123143,2.335456475583864,6.581740976645436
2026-06-01,2609,觀察股,44.0,40.0,45.0,50.0,,-5.828779599271395,-6.739526411657551,-5.282331511839706,7.10382513661202
2026-06-01,2376,觀察股,44.0,40.0,45.0,50.0,,-10.852713178294573,-9.689922480620156,-11.11111111111111,-4.7803617571059425
2026-06-01,3017,觀察股,44.0,55.0,30.0,50.0,,-7.719928186714542,-13.464991023339318,-9.33572710951526,26.032315978456015
2026-06-01,2002,觀察股,42.8,45.0,37.0,50.0,,-2.3560209424083918,-0.5235602094240912,-1.570680628272255,-0.7853403141361367
2026-06-01,2207,觀察股,42.0,35.0,45.0,50.0,,-0.10559662090813093,-2.1119324181626187,-1.689545934530095,8.764519535374868
2026-06-01,1326,觀察股,42.0,50.0,30.0,50.0,,-9.386617100371742,-4.089219330855011,1.4869888475836512,25.83643122676581
2026-06-01,5880,觀察股,42.0,35.0,45.0,50.0,,0.8752735229759269,5.689277899343532,8.752735229759299,13.785557986870888
2026-06-01,3034,觀察股,42.0,43.0,37.0,50.0,,-4.733131923464249,-0.3021148036253776,7.754279959718026,10.171198388721049
2026-06-01,2883,觀察股,40.8,55.0,22.0,50.0,,18.10154525386314,27.152317880794712,26.710816777041945,62.913907284768214
2026-06-01,2105,觀察股,40.8,55.0,22.0,50.0,,1.5151515151515151,2.727272727272723,-9.242424242424246,-7.424242424242422
2026-06-01,2891,觀察股,40.8,40.0,37.0,50.0,,5.3140096618357555,12.882447665056349,14.331723027375197,9.339774557165867
2026-06-01,2303,觀察股,40.0,30.0,45.0,50.0,,-17.123287671232877,-3.0821917808219177,12.67123287671233,10.616438356164384
2026-06-02,1301,觀察股,54.0,65.0,45.0,50.0,,-10.510805500982322,-8.153241650294692,6.679764243614929,31.237721021610998
2026-06-02,3711,觀察股,52.0,55.0,45.0,60.0,,-3.5593220338983054,0.3389830508474576,19.152542372881356,20.33898305084746
2026-06-02,2603,觀察股,50.8,65.0,37.0,50.0,,-3.896103896103896,-4.545454545454546,-19.696969696969695,3.0303030303030303
2026-06-02,2207,觀察股,50.0,55.0,45.0,50.0,,2.4390243902439024,-0.6362672322375398,-1.378579003181336,9.225874867444327
2026-06-02,2408,觀察股,50.0,65.0,30.0,60.0,,-13.468414779499405,1.3110846245530394,0.3575685339690107,23.718712753277714
2026-06-02,2360,觀察股,50.0,55.0,45.0,50.0,,-1.2396694214876034,-3.925619834710744,-6.198347107438017,-14.049586776859504
2026-06-02,2301,觀察股,50.0,55.0,45.0,50.0,,-1.5384615384615385,-8.571428571428571,-3.5164835164835164,25.054945054945055
2026-06-02,2609,觀察股,50.0,55.0,45.0,50.0,,-3.731343283582089,-4.850746268656718,-5.4104477611940265,9.701492537313424
2026-06-02,5880,觀察股,50.0,55.0,45.0,50.0,,3.4707158351410006,6.724511930585686,7.809110629067248,12.798264642082428
2026-06-02,6415,觀察股,50.0,55.0,45.0,50.0,,-8.650519031141869,1.7301038062283738,1.7301038062283738,-28.546712802768166
2026-06-02,2337,觀察股,48.7,55.0,38.0,57.5,,-17.094017094017094,-5.128205128205128,-18.233618233618234,-31.054131054131055
2026-06-02,2330,觀察股,46.4,55.0,30.0,62.0,,-3.1512605042016806,0.8403361344537815,5.2521008403361344,5.46218487394958
2026-06-02,2884,觀察股,46.0,45.0,45.0,50.0,,6.211180124223602,9.316770186335404,2.1739130434782474,40.83850931677018
2026-06-02,3034,觀察股,46.0,53.0,37.0,50.0,,-5.226824457593689,-1.3806706114398422,6.11439842209073,7.889546351084813
2026-06-02,2382,觀察股,45.2,65.0,23.0,50.0,,-6.367041198501873,-9.488139825218477,-7.116104868913857,-16.604244694132333
2026-06-02,2883,觀察股,44.8,65.0,22.0,50.0,,24.145299145299155,26.923076923076927,20.94017094017095,57.6923076923077
2026-06-02,3045,觀察股,44.8,65.0,22.0,50.0,,1.2987012987012987,4.329004329004329,2.1645021645021645,5.627705627705628
2026-06-02,1303,觀察股,44.0,40.0,45.0,50.0,,-11.82222222222222,2.2222222222222223,62.66666666666667,125.77777777777779
2026-06-02,2379,觀察股,44.0,40.0,45.0,50.0,,-0.3062787136294028,3.828483920367534,26.952526799387442,16.69218989280245
2026-06-02,2353,觀察股,44.0,40.0,45.0,50.0,,-13.160987074030539,-8.578143360752053,-24.559341950646292,-25.146886016451226
2026-06-02,2308,觀察股,44.0,55.0,30.0,50.0,,2.330508474576271,-5.508474576271186,-15.677966101694915,-19.279661016949152
2026-06-02,3017,觀察股,44.0,55.0,30.0,50.0,,-5.7407407407407405,-12.222222222222221,-2.9629629629629632,30.0
2026-06-02,2002,觀察股,42.8,45.0,37.0,50.0,,-1.0554089709762495,-1.5831134564643838,-1.5831134564643838,0.0
2026-06-02,2474,觀察股,42.0,65.0,15.0,50.0,,-10.386965376782078,-16.293279022403258,-17.311608961303463,-15.478615071283095
2026-06-02,8046,觀察股,42.0,35.0,45.0,50.0,,6.0324825986078885,4.640371229698376,36.31090487238979,64.73317865429235
2026-06-02,2354,觀察股,40.8,55.0,22.0,50.0,,-8.125000000000004,-10.9375,-14.0625,3.4375000000000044
2026-06-02,2412,觀察股,40.8,55.0,22.0,50.0,,0.0,3.169014084507042,-0.35211267605633806,2.464788732394366
2026-06-02,2891,觀察股,40.8,40.0,37.0,50.0,,7.956318252730123,10.452418096723875,10.14040561622465,5.928237129485198
2026-06-02,2376,觀察股,40.0,30.0,45.0,50.0,,-8.066581306017925,-10.88348271446863,-13.572343149807939,-5.633802816901409
2026-06-02,6505,觀察股,40.0,45.0,30.0,50.0,,-3.853211009174314,-3.302752293577976,-1.651376146788988,72.84403669724772
2026-06-02,2395,觀察股,40.0,30.0,45.0,50.0,,-4.951456310679612,-6.796116504854369,-2.3300970873786406,40.3883495145631
2026-06-02,2303,觀察股,40.0,30.0,45.0,50.0,,-9.89399293286219,-0.35335689045936397,19.434628975265017,14.13427561837456
2026-06-02,2317,觀察股,40.0,30.0,45.0,50.0,,-7.960199004975125,-10.779436152570481,-17.744610281923716,-15.754560530679933
2026-06-02,4938,觀察股,40.0,40.0,30.0,60.0,,-2.7607361963190216,-15.13292433537832,-15.541922290388552,-7.770961145194269
2026-06-03,3711,觀察股,52.0,55.0,45.0,60.0,,-12.7831715210356,-3.7216828478964405,17.637540453074433,14.886731391585762
2026-06-03,2603,觀察股,50.8,65.0,37.0,50.0,,-5.9071729957805905,-18.143459915611814,-21.729957805907173,0.42194092827004215
2026-06-03,2303,觀察股,50.0,55.0,45.0,50.0,,-9.195402298850574,7.2796934865900385,26.81992337164751,23.754789272030653
2026-06-03,2360,觀察股,50.0,55.0,45.0,50.0,,-13.163064833005894,-12.37721021611002,-13.163064833005894,-18.271119842829076
2026-06-03,2379,觀察股,50.0,55.0,45.0,50.0,,-0.15479876160990713,15.325077399380804,25.541795665634677,17.956656346749224
2026-06-03,2884,觀察股,50.0,55.0,45.0,50.0,,1.9696969696969653,7.575757575757576,2.1212121212121295,37.42424242424243
2026-06-03,2330,觀察股,49.5,65.0,30.0,57.5,,-7.010309278350515,-1.6494845360824744,1.6494845360824744,3.5051546391752577
2026-06-03,6505,觀察股,48.0,65.0,30.0,50.0,,-8.765652951699462,-5.903398926654735,3.0411449016100227,68.51520572450805
2026-06-03,6415,觀察股,48.0,35.0,45.0,80.0,,-17.779632721202006,-4.507512520868113,4.173622704507513,-31.05175292153589
2026-06-03,3017,觀察股,48.0,65.0,30.0,50.0,,-17.338003502626968,-17.162872154115586,-4.028021015761821,22.942206654991242
2026-06-03,3008,觀察股,48.0,65.0,30.0,50.0,,3.638644918444166,29.109159347553327,7.779171894604768,55.70890840652447
2026-06-03,2337,觀察股,47.2,55.0,38.0,50.0,,-16.666666666666664,-0.30864197530864196,-10.185185185185185,-25.308641975308642
2026-06-03,2002,觀察股,46.8,55.0,37.0,50.0,,-3.6082474226804093,-3.3505154639175188,-4.123711340206171,-2.319587628865976
2026-06-03,2207,觀察股,46.0,45.0,45.0,50.0,,0.4123711340206186,-4.845360824742269,-4.22680412371134,6.185567010309279
2026-06-03,2892,觀察股,46.0,45.0,45.0,50.0,,5.344827586206899,12.068965517241379,10.689655172413797,33.448275862068975
2026-06-03,2317,觀察股,45.5,40.0,45.0,57.5,,-14.886731391585762,-11.974110032362459,-22.653721682847898,-17.79935275080906
2026-06-03,2891,觀察股,44.3,40.0,37.0,67.5,,-3.2624113475177263,0.7092198581560284,-0.851063829787226,-3.6879432624113395
2026-06-03,2308,觀察股,44.0,55.0,30.0,50.0,,-10.386965376782078,-12.219959266802444,-19.75560081466395,-22.403258655804482
2026-06-03,2353,觀察股,44.0,40.0,45.0,50.0,,-16.589861751152064,-19.354838709677416,-26.26728110599078,-26.612903225806445
2026-06-03,3034,觀察股,44.0,43.0,37.0,60.0,,-4.870775347912525,2.3856858846918487,7.5546719681908545,8.747514910536779
2026-06-03,2408,觀察股,44.0,55.0,30.0,50.0,,-17.06102117061021,8.84184308841843,1.36986301369863,29.265255292652554
2026-06-03,2376,觀察股,44.0,40.0,45.0,50.0,,-13.659147869674184,-12.907268170426065,-15.162907268170425,-7.644110275689223
2026-06-03,5880,觀察股,44.0,40.0,45.0,50.0,,1.7094017094017186,5.769230769230775,4.914529914529924,11.111111111111118
2026-06-03,2345,觀察股,41.2,33.0,45.0,50.0,,-8.51063829787234,-3.481624758220503,6.382978723404255,-26.4990328820116
2026-06-03,2354,觀察股,40.8,55.0,22.0,50.0,,-13.517665130568354,-11.674347158218119,-15.668202764976954,1.6897081413210577
2026-06-03,3045,觀察股,40.8,55.0,22.0,50.0,,1.7241379310344827,2.586206896551724,2.1551724137931036,5.172413793103448
2026-06-03,2412,觀察股,40.8,55.0,22.0,50.0,,2.127659574468085,3.1914893617021276,0.0,3.1914893617021276
2026-06-03,2609,觀察股,40.0,30.0,45.0,50.0,,-5.772811918063317,-3.910614525139667,-5.027932960893859,9.497206703910603
2026-06-03,2301,觀察股,40.0,30.0,45.0,50.0,,-14.799999999999999,-16.0,-11.4,13.8
2026-06-03,1303,觀察股,40.0,30.0,45.0,50.0,,-16.10619469026549,11.946902654867257,74.33628318584071,124.7787610619469
2026-06-03,1301,觀察股,40.0,30.0,45.0,50.0,,-14.615384615384619,-7.788461538461533,14.807692307692314,28.461538461538456
2026-06-04,2884,強力候選,58.0,75.0,45.0,50.0,,1.1958146487294425,5.82959641255604,0.7473841554559043,35.57548579970104
2026-06-04,2360,觀察股,50.0,55.0,45.0,50.0,,-16.412213740458014,-11.83206106870229,-13.549618320610687,-20.610687022900763
2026-06-04,2376,觀察股,50.0,55.0,45.0,50.0,,-9.090909090909092,-8.02139037433155,-9.491978609625669,-1.4705882352941175
2026-06-04,2002,觀察股,46.8,55.0,37.0,50.0,,-3.6363636363636327,-0.7792207792207718,-1.558441558441562,-1.558441558441562
2026-06-04,2207,觀察股,46.0,45.0,45.0,50.0,,0.8238928939237898,-0.7209062821833162,-2.5746652935118437,6.07621009268795
2026-06-04,2892,觀察股,46.0,45.0,45.0,50.0,,3.722504230118436,10.321489001692049,9.644670050761414,30.964467005076145
2026-06-04,2330,觀察股,45.5,55.0,30.0,57.5,,-5.660377358490567,1.0482180293501049,2.515723270440252,5.2410901467505235
2026-06-04,5880,觀察股,44.0,40.0,45.0,50.0,,0.6329113924050723,4.430379746835446,4.219409282700422,9.704641350210974
2026-06-04,2308,觀察股,44.0,55.0,30.0,50.0,,-10.927835051546392,-11.34020618556701,-14.432989690721648,-21.443298969072163
2026-06-04,3017,觀察股,44.0,55.0,30.0,50.0,,-13.837638376383765,-11.439114391143912,1.8450184501845017,29.520295202952028
2026-06-04,2408,觀察股,44.0,55.0,30.0,50.0,,-13.924050632911392,16.329113924050635,3.670886075949367,31.39240506329114
2026-06-04,3008,觀察股,44.0,55.0,30.0,50.0,,8.88888888888889,35.81699346405229,10.588235294117647,62.22222222222222
2026-06-04,6415,觀察股,42.0,35.0,45.0,50.0,,-15.6140350877193,10.350877192982457,6.140350877192982,-27.54385964912281
2026-06-04,3711,觀察股,42.0,35.0,45.0,50.0,,-8.263069139966273,3.372681281618887,15.008431703204048,19.73018549747049
2026-06-04,2303,觀察股,42.0,35.0,45.0,50.0,,0.0,16.400000000000002,36.4,29.2
2026-06-04,2317,觀察股,41.5,30.0,45.0,57.5,,-11.774744027303754,-8.361774744027302,-17.918088737201366,-13.310580204778159
2026-06-04,2345,觀察股,41.2,33.0,45.0,50.0,,-9.362549800796813,-2.9880478087649402,8.964143426294822,-24.302788844621514
2026-06-04,2412,觀察股,40.8,55.0,22.0,50.0,,2.4734982332155475,1.76678445229682,-0.35335689045936397,2.8268551236749118
2026-06-04,3045,觀察股,40.8,55.0,22.0,50.0,,2.586206896551724,2.586206896551724,0.43103448275862066,5.172413793103448
2026-06-04,2354,觀察股,40.8,55.0,22.0,50.0,,-9.791332263242367,-7.0626003210272845,-10.754414125200636,6.260032102728741
2026-06-04,1301,觀察股,40.0,30.0,45.0,50.0,,-13.779527559055119,1.7716535433070981,22.24409448818899,31.496062992125985
2026-06-04,2379,觀察股,40.0,30.0,45.0,50.0,,4.967948717948718,31.25,25.48076923076923,22.115384615384613
2026-06-04,2609,觀察股,40.0,30.0,45.0,50.0,,-3.947368421052634,-3.571428571428582,-1.5037593984962485,10.526315789473673
2026-06-04,2353,觀察股,40.0,30.0,45.0,50.0,,-5.626598465473153,-12.020460358056273,-15.856777493606145,-18.542199488491047
2026-06-04,6505,觀察股,40.0,40.0,30.0,60.0,,-10.608695652173916,-6.956521739130435,2.4347826086956497,63.82608695652174
2026-06-04,1303,觀察股,40.0,30.0,45.0,50.0,,-12.702702702702698,25.225225225225223,77.47747747747748,128.82882882882882
2026-06-04,2301,觀察股,40.0,30.0,45.0,50.0,,-16.096579476861166,-15.29175050301811,-11.87122736418511,14.486921529175051
2026-06-05,2207,觀察股,54.0,65.0,45.0,50.0,,-6.8686868686868685,-2.8282828282828283,-3.737373737373737,4.040404040404041
2026-06-05,2892,觀察股,54.0,65.0,45.0,50.0,,5.802047781569963,10.238907849829339,12.798634812286677,32.08191126279864
2026-06-05,2884,觀察股,52.0,55.0,45.0,60.0,,2.998500749625187,7.346326836581696,3.2983508245877107,35.98200899550225
2026-06-05,1301,觀察股,50.0,55.0,45.0,50.0,,-7.464212678936602,7.157464212678937,23.517382413087933,36.60531697341513
2026-06-05,1303,觀察股,50.0,55.0,45.0,50.0,,1.9138755980861244,45.933014354066984,77.03349282296651,143.0622009569378
2026-06-05,2317,觀察股,50.0,55.0,45.0,50.0,,-8.43585237258348,-5.623901581722319,-14.938488576449913,-10.720562390158172
2026-06-05,2360,觀察股,47.5,55.0,30.0,67.5,,-10.526315789473683,-9.941520467836257,-15.009746588693956,-18.9083820662768
2026-06-05,2002,觀察股,46.8,55.0,37.0,50.0,,-2.072538860103638,1.0362694300518096,-1.5544041450777237,-1.8134715025906807
2026-06-05,2330,觀察股,44.0,55.0,30.0,50.0,,-2.3255813953488373,6.13107822410148,4.0169133192389,6.13107822410148
2026-06-05,3008,觀察股,44.0,55.0,30.0,50.0,,9.239130434782608,40.89673913043478,12.364130434782608,68.61413043478261
2026-06-05,6505,觀察股,44.0,55.0,30.0,50.0,,-4.520795660036167,-2.3508137432188017,7.594936708860765,70.34358047016276
2026-06-05,3017,觀察股,44.0,55.0,30.0,50.0,,-7.5,-6.923076923076923,2.6923076923076925,35.0
2026-06-05,2408,觀察股,44.0,55.0,30.0,50.0,,3.888888888888889,40.27777777777778,16.805555555555557,44.166666666666664
2026-06-05,3045,觀察股,42.3,55.0,22.0,57.5,,3.0172413793103448,2.1551724137931036,1.293103448275862,5.172413793103448
2026-06-05,2301,觀察股,42.0,35.0,45.0,50.0,,-5.6521739130434785,0.6521739130434783,-2.608695652173913,23.695652173913043
2026-06-05,3711,觀察股,42.0,35.0,45.0,50.0,,2.2530329289428077,16.81109185441941,17.677642980935875,23.050259965337954
2026-06-05,2303,觀察股,42.0,35.0,45.0,50.0,,1.520912547528517,21.673003802281368,26.23574144486692,22.813688212927758
2026-06-05,6415,觀察股,42.0,35.0,45.0,50.0,,-16.323024054982817,15.63573883161512,6.529209621993128,-29.037800687285227
2026-06-05,2412,觀察股,40.8,55.0,22.0,50.0,,2.8368794326241136,2.4822695035460995,0.3546099290780142,3.1914893617021276
2026-06-05,2615,觀察股,40.8,40.0,37.0,50.0,,-1.2775842044134662,-6.5040650406504,-7.084785133565616,30.662020905923352
2026-06-05,2376,觀察股,40.8,55.0,22.0,50.0,,-7.317073170731707,-7.994579945799458,-8.807588075880759,-0.13550135501355012
2026-06-05,2105,觀察股,40.8,55.0,22.0,50.0,,0.43988269794720986,-11.876832844574782,-4.545454545454558,-10.410557184750735
2026-06-05,2609,觀察股,40.0,30.0,45.0,50.0,,-3.853211009174314,-4.036697247706427,-2.7522935779816518,7.889908256880728
2026-06-05,5880,觀察股,40.0,30.0,45.0,50.0,,2.5586353944562963,4.264392324093817,5.9701492537313525,10.874200426439236
2026-06-05,2353,觀察股,40.0,30.0,45.0,50.0,,-4.427083333333322,-11.45833333333333,-14.583333333333337,-17.05729166666666
2026-06-08,2317,觀察股,50.0,55.0,45.0,50.0,,-0.7421150278293136,-3.710575139146568,-12.059369202226346,-5.75139146567718
2026-06-08,1303,觀察股,50.0,55.0,45.0,50.0,,20.0,58.46153846153847,70.76923076923077,160.51282051282053
2026-06-08,2603,觀察股,50.0,55.0,45.0,50.0,,0.2232142857142857,-15.625,-16.071428571428573,6.25
2026-06-08,2353,觀察股,50.0,55.0,45.0,50.0,,8.923512747875371,-5.382436260623226,-9.348441926345602,-9.773371104815853
2026-06-08,2892,觀察股,50.0,55.0,45.0,50.0,,7.560137457044671,11.51202749140894,14.432989690721634,32.98969072164949
2026-06-08,2615,觀察股,46.8,55.0,37.0,50.0,,-1.3002364066193788,-6.973995271867603,-8.98345153664302,32.97872340425533
2026-06-08,2207,觀察股,46.0,45.0,45.0,50.0,,-2.00845665961945,2.536997885835095,-0.42283298097251587,8.879492600422834
2026-06-08,2609,觀察股,46.0,45.0,45.0,50.0,,-0.9671179883945841,-0.7736943907156782,-1.1605415860735036,13.733075435203082
2026-06-08,5880,觀察股,46.0,45.0,45.0,50.0,,4.772234273318863,6.507592190889371,8.026030368763548,12.798264642082428
2026-06-08,2884,觀察股,44.0,55.0,30.0,50.0,,5.319148936170213,8.814589665653491,4.863221884498485,37.841945288753806
2026-06-08,2379,觀察股,44.0,55.0,30.0,50.0,,6.375838926174497,44.79865771812081,30.201342281879196,27.85234899328859
2026-06-08,1326,觀察股,44.0,55.0,30.0,50.0,,5.8461538461538485,8.923076923076927,29.84615384615384,38.871794871794876
2026-06-08,2408,觀察股,44.0,55.0,30.0,50.0,,16.49484536082474,33.87334315169367,18.7039764359352,52.8718703976436
2026-06-08,2002,觀察股,42.8,45.0,37.0,50.0,,1.876675603217166,2.9490616621983956,-0.2680965147452931,1.6085790884718536
2026-06-08,2303,觀察股,42.0,35.0,45.0,50.0,,16.94214876033058,40.49586776859504,28.09917355371901,33.47107438016529
2026-06-08,2301,觀察股,42.0,35.0,45.0,50.0,,-5.034324942791762,2.2883295194508007,-2.517162471395881,30.205949656750576
2026-06-08,6415,觀察股,42.0,35.0,45.0,50.0,,2.099236641221374,23.091603053435115,6.870229007633588,-21.183206106870227
2026-06-08,3711,觀察股,42.0,35.0,45.0,50.0,,9.25925925925926,22.59259259259259,20.555555555555554,31.48148148148148
2026-06-08,2412,觀察股,40.8,55.0,22.0,50.0,,5.054151624548736,3.9711191335740073,1.8050541516245486,5.054151624548736
2026-06-08,2886,觀察股,40.8,55.0,22.0,50.0,,6.7961165048543615,9.70873786407767,13.592233009708723,18.567961165048537
2026-06-08,2105,觀察股,40.8,55.0,22.0,50.0,,1.1940298507462643,-12.53731343283582,-3.1343283582089465,-8.80597014925373
2026-06-08,3045,觀察股,40.8,55.0,22.0,50.0,,3.91304347826087,3.4782608695652173,1.3043478260869565,6.086956521739131
2026-06-08,6505,觀察股,40.0,45.0,30.0,50.0,,1.3307984790874443,-0.9505703422053232,10.266159695817487,79.08745247148289
2026-06-09,1303,觀察股,54.0,55.0,45.0,70.0,,15.927419354838706,57.258064516129025,83.46774193548386,156.0483870967742
2026-06-09,2603,觀察股,50.0,55.0,45.0,50.0,,-0.6756756756756757,-15.99099099099099,-11.711711711711711,7.207207207207207
2026-06-09,2353,觀察股,50.0,55.0,45.0,50.0,,5.27740189445195,-7.442489851150203,-12.58457374830854,-13.80243572395129
2026-06-09,2345,觀察股,49.2,53.0,45.0,50.0,,1.8181818181818181,-4.040404040404041,-2.4242424242424243,-23.232323232323232
2026-06-09,2615,觀察股,46.8,55.0,37.0,50.0,,-3.7780401416765086,-6.965761511216064,-6.257378984651709,32.82172373081463
2026-06-09,2892,觀察股,46.4,40.0,45.0,62.0,,4.262295081967215,5.081967213114745,11.803278688524594,26.885245901639355
2026-06-09,2609,觀察股,46.0,45.0,45.0,50.0,,-1.1627906976744213,0.0,1.3565891472868135,13.953488372093014
2026-06-09,2207,觀察股,46.0,45.0,45.0,50.0,,-3.002070393374741,-1.1387163561076603,-0.5175983436853002,6.625258799171843
2026-06-09,1326,觀察股,45.5,55.0,30.0,57.5,,7.979274611398966,19.58549222797928,34.09326424870467,40.31088082901555
2026-06-09,3711,觀察股,44.0,35.0,45.0,60.0,,4.042179261862917,14.762741652021088,9.84182776801406,24.78031634446397
2026-06-09,2379,觀察股,44.0,55.0,30.0,50.0,,4.147465437788019,23.34869431643625,25.49923195084485,17.050691244239633
2026-06-09,2408,觀察股,44.0,55.0,30.0,50.0,,17.079889807162534,22.176308539944902,9.090909090909092,42.97520661157025
2026-06-09,2002,觀察股,42.8,45.0,37.0,50.0,,-0.533333333333341,3.2000000000000077,-0.2666666666666705,1.0666666666666629
2026-06-09,2308,觀察股,42.0,43.0,37.0,50.0,,-7.6604554865424435,-17.184265010351968,-21.94616977225673,-21.11801242236025
2026-06-09,2303,觀察股,42.0,35.0,45.0,50.0,,10.588235294117647,39.6078431372549,27.84313725490196,26.666666666666668
2026-06-09,2301,觀察股,42.0,35.0,45.0,50.0,,-7.142857142857142,-3.3482142857142856,-4.464285714285714,27.00892857142857
2026-06-09,6415,觀察股,42.0,35.0,45.0,50.0,,11.363636363636363,14.583333333333334,4.356060606060606,-21.78030303030303
2026-06-09,2317,觀察股,42.0,35.0,45.0,50.0,,-3.063063063063063,-7.747747747747748,-14.414414414414415,-8.468468468468467
2026-06-09,2412,觀察股,40.8,55.0,22.0,50.0,,3.169014084507042,1.056338028169014,-1.7605633802816902,2.464788732394366
2026-06-09,3045,觀察股,40.8,55.0,22.0,50.0,,2.9914529914529915,2.1367521367521367,-3.418803418803419,4.273504273504273
2026-06-09,6505,觀察股,40.0,45.0,30.0,50.0,,0.5725190839694738,5.343511450381688,13.358778625954198,79.77099236641222
2026-06-09,5880,觀察股,40.0,30.0,45.0,50.0,,3.1446540880503147,2.3060796645702184,5.2410901467505235,9.014675052410896
2026-06-10,2603,觀察股,50.0,55.0,45.0,50.0,,-13.004484304932735,-17.040358744394617,-12.780269058295964,6.726457399103139
2026-06-10,2615,觀察股,50.0,55.0,45.0,50.0,,-3.2490974729241744,-6.257521058965089,-3.2490974729241744,35.37906137184116
2026-06-10,3045,觀察股,47.6,65.0,29.0,50.0,,0.847457627118644,1.694915254237288,-8.050847457627118,3.389830508474576
2026-06-10,3008,觀察股,44.0,55.0,30.0,50.0,,24.576271186440678,25.06053268765133,-4.358353510895883,50.24213075060533
2026-06-10,2379,觀察股,44.0,55.0,30.0,50.0,,15.503875968992247,26.2015503875969,30.23255813953488,18.13953488372093
2026-06-10,2353,觀察股,44.0,55.0,30.0,50.0,,-3.3149171270718307,-6.6298342541436615,-10.220994475138129,-12.016574585635361
2026-06-10,2207,觀察股,44.0,55.0,30.0,50.0,,-5.236139630390143,-1.4373716632443532,-2.1560574948665296,5.749486652977413
2026-06-10,2884,觀察股,44.0,55.0,30.0,50.0,,5.497771173848444,5.349182763744441,3.268945022288266,34.76968796433879
2026-06-10,2357,觀察股,42.3,55.0,22.0,57.5,,0.8793969849246231,-6.030150753768844,-14.07035175879397,21.231155778894472
2026-06-10,1303,觀察股,42.0,35.0,45.0,50.0,,33.438818565400844,63.50210970464135,91.45569620253166,167.93248945147678
2026-06-10,2892,觀察股,42.0,30.0,45.0,60.0,,6.382978723404253,7.528641571194765,9.983633387888709,26.67757774140754
2026-06-10,2317,觀察股,42.0,35.0,45.0,50.0,,3.4220532319391634,-2.091254752851711,-9.695817490494296,-3.4220532319391634
2026-06-10,2301,觀察股,42.0,35.0,45.0,50.0,,-1.4084507042253522,0.9389671361502347,0.2347417840375587,33.568075117370896
2026-06-10,2474,觀察股,41.5,55.0,15.0,67.5,,0.4889975550122249,0.4889975550122249,-4.400977995110025,1.466992665036675
2026-06-10,4938,觀察股,41.5,30.0,45.0,57.5,,-12.447257383966242,-9.282700421940927,-12.76371308016877,-4.85232067510548
2026-06-10,2885,觀察股,40.8,55.0,22.0,50.0,,7.062600321027297,7.062600321027297,9.630818619582666,8.186195826645278
2026-06-10,2412,觀察股,40.8,55.0,22.0,50.0,,1.0416666666666665,0.0,-7.291666666666667,1.0416666666666665
2026-06-10,5880,觀察股,40.0,30.0,45.0,50.0,,3.991596638655459,5.462184873949583,5.672268907563016,9.243697478991592
2026-06-10,6505,觀察股,40.0,45.0,30.0,50.0,,3.137254901960787,9.6078431372549,15.294117647058819,84.70588235294119
2026-06-11,2603,觀察股,50.0,55.0,45.0,50.0,,-14.601769911504425,-19.911504424778762,-13.716814159292035,5.3097345132743365
2026-06-11,2884,觀察股,46.0,55.0,30.0,60.0,,4.579025110782857,2.0679468242245074,2.2156573116691285,33.97341211225997
2026-06-11,2379,觀察股,44.0,55.0,30.0,50.0,,25.0381679389313,12.977099236641221,15.419847328244273,16.335877862595417
2026-06-11,2327,觀察股,44.0,55.0,30.0,50.0,,28.26603325415677,20.54631828978622,-3.0878859857482186,-28.50356294536817
2026-06-11,3008,觀察股,44.0,55.0,30.0,50.0,,24.729891956782712,13.325330132052821,4.321728691476591,48.97959183673469
2026-06-11,2207,觀察股,44.0,55.0,30.0,50.0,,-1.5321756894790604,-1.7364657814096014,-2.96220633299285,5.209397344228805
2026-06-11,2615,觀察股,43.5,35.0,45.0,57.5,,-4.057279236276839,-8.472553699284004,-5.489260143198084,34.248210023866356
2026-06-11,2885,觀察股,42.3,55.0,22.0,57.5,,10.389610389610388,7.629870129870123,10.87662337662337,9.415584415584423
2026-06-11,1303,觀察股,42.0,35.0,45.0,50.0,,43.44685242518059,52.734778121775015,105.88235294117645,162.12590299277605
2026-06-11,2317,觀察股,42.0,35.0,45.0,50.0,,3.8684719535783367,-3.8684719535783367,-8.51063829787234,-1.7408123791102514
2026-06-11,2303,觀察股,41.2,33.0,45.0,50.0,,16.400000000000002,31.2,22.8,29.2
2026-06-11,2382,觀察股,41.2,55.0,23.0,50.0,,1.6216216216216217,-2.1621621621621623,2.1621621621621623,-9.72972972972973
2026-06-11,5880,觀察股,40.0,30.0,45.0,50.0,,3.773584905660371,3.563941299790347,5.660377358490557,9.014675052410896
2026-06-11,2892,觀察股,40.0,30.0,45.0,50.0,,6.362153344208819,6.525285481239805,9.787928221859707,26.26427406199023
2026-06-11,4938,觀察股,40.0,30.0,45.0,50.0,,-13.102725366876308,-15.094339622641515,-13.417190775681354,-5.450733752620548
2026-06-12,4938,觀察股,51.5,55.0,45.0,57.5,,-11.922663802363045,-11.707841031149293,-11.815252416756177,-3.1149301825993465
2026-06-12,2615,觀察股,51.2,43.0,45.0,80.0,,-5.294117647058823,-7.5294117647058885,-6.5882352941176405,32.35294117647059
2026-06-12,2603,觀察股,50.0,55.0,45.0,50.0,,-15.350877192982457,-19.298245614035086,-14.692982456140353,4.385964912280701
2026-06-12,1303,觀察股,45.2,43.0,45.0,50.0,,43.1924882629108,42.25352112676056,97.1830985915493,138.49765258215962
2026-06-12,2885,觀察股,44.8,55.0,22.0,70.0,,7.668231611893582,2.8169014084507107,4.381846635367769,5.477308294209713
2026-06-12,3008,觀察股,44.0,55.0,30.0,50.0,,28.980099502487562,8.955223880597014,6.0945273631840795,54.353233830845774
2026-06-12,2379,觀察股,44.0,55.0,30.0,50.0,,45.63106796116505,26.699029126213592,22.006472491909385,23.300970873786408
2026-06-12,2327,觀察股,44.0,55.0,30.0,50.0,,24.561403508771928,21.637426900584796,-9.005847953216374,-29.5906432748538
2026-06-12,5880,觀察股,44.0,40.0,45.0,50.0,,1.6632016632016573,3.3264033264033293,4.781704781704776,8.108108108108105
2026-06-12,2345,觀察股,42.7,33.0,45.0,57.5,,11.134903640256958,0.21413276231263384,-2.355460385438972,-18.629550321199144
2026-06-12,3711,觀察股,41.2,33.0,45.0,50.0,,14.237288135593221,6.271186440677965,8.64406779661017,20.33898305084746
2026-06-12,2303,觀察股,41.2,33.0,45.0,50.0,,19.850187265917604,22.846441947565545,13.108614232209737,20.973782771535582
2026-06-12,2301,觀察股,41.2,33.0,45.0,50.0,,6.682027649769585,-2.5345622119815667,-2.0737327188940093,31.105990783410135
2026-06-12,2382,觀察股,41.2,55.0,23.0,50.0,,2.1505376344086025,-1.3440860215053763,2.1505376344086025,-10.21505376344086
2026-06-12,2609,觀察股,41.2,33.0,45.0,50.0,,-0.19083969465649128,-1.9083969465648856,-8.396946564885493,12.213740458015266
2026-06-12,2207,觀察股,40.0,45.0,30.0,50.0,,4.3383947939262475,3.7960954446854664,4.121475054229935,11.713665943600867
2026-06-15,1303,觀察股,50.0,55.0,45.0,50.0,,32.05128205128205,42.30769230769231,94.44444444444444,117.0940170940171
2026-06-15,2303,觀察股,49.2,53.0,45.0,50.0,,20.141342756183743,16.25441696113074,17.314487632508836,14.13427561837456
2026-06-15,3008,觀察股,48.0,65.0,30.0,50.0,,13.122171945701359,-2.941176470588235,-8.597285067873303,40.38461538461539
2026-06-15,3034,觀察股,46.0,53.0,37.0,50.0,,9.8989898989899,8.080808080808081,-4.646464646464646,10.505050505050505
2026-06-15,2885,觀察股,44.0,55.0,30.0,50.0,,5.076923076923072,1.0769230769230813,3.076923076923077,3.692307692307701
2026-06-15,2615,觀察股,42.0,35.0,45.0,50.0,,-5.7485029940119725,-5.149700598802392,-2.1556886227544876,34.73053892215569
2026-06-15,2603,觀察股,42.0,35.0,45.0,50.0,,-15.812917594654788,-17.817371937639198,-11.1358574610245,6.013363028953229
2026-06-15,4938,觀察股,42.0,35.0,45.0,50.0,,-3.7125748502993945,0.3592814371257451,-0.9580838323353259,8.023952095808387
2026-06-15,3711,觀察股,41.2,33.0,45.0,50.0,,12.203389830508476,15.254237288135593,15.76271186440678,20.33898305084746
2026-06-15,2317,觀察股,41.2,33.0,45.0,50.0,,-2.990654205607477,-6.16822429906542,-10.654205607476635,-5.046728971962617
2026-06-15,2345,觀察股,41.2,33.0,45.0,50.0,,0.205761316872428,2.674897119341564,-3.7037037037037033,-21.810699588477366
2026-06-15,5880,觀察股,40.0,30.0,45.0,50.0,,1.6563146997929694,2.898550724637693,4.968944099378894,7.660455486542449
2026-06-16,1303,觀察股,50.0,55.0,45.0,50.0,,35.65217391304348,59.130434782608695,92.17391304347827,120.8695652173913
2026-06-16,2408,觀察股,47.5,55.0,30.0,67.5,,4.352941176470588,-0.9411764705882352,3.294117647058824,22.11764705882353
2026-06-16,2330,觀察股,46.0,53.0,37.0,50.0,,-0.4166666666666667,4.375,2.9166666666666665,4.583333333333333
2026-06-16,5880,觀察股,45.5,40.0,45.0,57.5,,-0.8130081300813123,1.0162601626016259,3.658536585365848,5.6910569105691
2026-06-16,2885,觀察股,45.5,55.0,30.0,57.5,,1.0703363914372914,0.9174311926605416,1.9877675840978548,3.0581039755351678
2026-06-16,2303,觀察股,45.2,43.0,45.0,50.0,,26.24113475177305,19.858156028368796,13.47517730496454,14.539007092198581
2026-06-16,2317,觀察股,44.7,33.0,45.0,67.5,,-4.83271375464684,-7.806691449814126,-9.851301115241636,-5.5762081784386615
2026-06-16,2379,觀察股,44.0,55.0,30.0,50.0,,18.436578171091444,22.271386430678465,5.014749262536873,12.389380530973451
2026-06-16,3034,觀察股,42.0,43.0,37.0,50.0,,8.6,7.6,-5.7,9.4
2026-06-16,2615,觀察股,42.0,35.0,45.0,50.0,,-3.312883435582826,-3.926380368098163,-0.9815950920245364,38.036809815950924
2026-06-16,2603,觀察股,42.0,35.0,45.0,50.0,,-15.419501133786847,-15.873015873015872,-9.297052154195011,7.936507936507936
2026-06-16,2345,觀察股,41.2,33.0,45.0,50.0,,-5.753968253968254,5.555555555555555,-7.936507936507936,-24.6031746031746
2026-06-16,3711,觀察股,41.2,33.0,45.0,50.0,,10.304054054054054,18.75,15.202702702702704,19.93243243243243
2026-06-16,1326,觀察股,40.0,45.0,30.0,50.0,,10.748560460652595,8.061420345489436,32.24568138195778,29.94241842610365
2026-06-17,2379,觀察股,48.0,65.0,30.0,50.0,,9.261744966442953,8.859060402684564,-3.6241610738255035,2.2818791946308723
2026-06-17,1326,觀察股,48.0,65.0,30.0,50.0,,10.800744878957163,15.270018621973922,23.091247672253242,26.0707635009311
2026-06-17,2408,觀察股,48.0,65.0,30.0,50.0,,9.153318077803203,-6.864988558352403,-9.496567505720824,18.76430205949657
2026-06-17,2303,觀察股,46.7,43.0,45.0,57.5,,27.500000000000004,18.21428571428571,2.857142857142857,15.357142857142858
2026-06-17,3034,觀察股,46.0,53.0,37.0,50.0,,8.932038834951456,5.048543689320388,-10.58252427184466,6.213592233009709
2026-06-17,6505,觀察股,44.0,55.0,30.0,50.0,,6.273764258555127,9.505703422053232,54.562737642585546,79.08745247148289
2026-06-17,5880,觀察股,44.0,40.0,45.0,50.0,,1.41414141414142,-0.8080808080808052,2.42424242424243,5.05050505050505
2026-06-17,1303,觀察股,44.0,40.0,45.0,50.0,,22.529644268774703,55.73122529644269,57.31225296442688,100.7905138339921
2026-06-17,2337,觀察股,43.2,45.0,38.0,50.0,,0.0,-9.907120743034056,-22.60061919504644,-25.077399380804955
2026-06-17,2330,觀察股,42.0,43.0,37.0,50.0,,0.20964360587002098,3.3542976939203357,-3.9832285115303985,5.2410901467505235
2026-06-17,2885,觀察股,42.0,55.0,30.0,40.0,,0.0,-1.3493253373313427,-2.5487256371814135,1.0494752623688197
2026-06-17,2317,觀察股,41.2,33.0,45.0,50.0,,-5.330882352941177,-12.132352941176471,-13.970588235294118,-6.61764705882353
2026-06-17,3711,觀察股,41.2,33.0,45.0,50.0,,7.73109243697479,22.18487394957983,3.1932773109243695,19.327731092436977
2026-06-17,2609,觀察股,41.2,33.0,45.0,50.0,,-0.3875968992248117,-1.1627906976744213,-4.651162790697672,13.953488372093014
2026-06-17,2345,觀察股,41.2,33.0,45.0,50.0,,-4.609218436873747,10.220440881763528,-16.23246492985972,-23.847695390781563
2026-06-17,2301,觀察股,41.2,33.0,45.0,50.0,,2.380952380952381,5.476190476190476,-6.428571428571428,35.476190476190474
2026-06-18,2337,觀察股,51.2,65.0,38.0,50.0,,-3.8461538461538463,-15.680473372781064,-30.473372781065088,-28.402366863905325
2026-06-18,2885,觀察股,50.4,65.0,30.0,62.0,,-2.5000000000000044,-1.17647058823529,-7.500000000000003,-0.8823529411764622
2026-06-18,3711,觀察股,49.2,53.0,45.0,50.0,,3.0995106035889073,11.256117455138662,-2.6101141924959217,15.823817292006526
2026-06-18,3034,觀察股,48.3,55.0,37.0,57.5,,-1.3565891472868217,4.263565891472868,-11.24031007751938,6.007751937984496
2026-06-18,2408,觀察股,48.0,65.0,30.0,50.0,,-2.2850924918389555,-10.88139281828074,-17.08378672470076,12.948857453754082
2026-06-18,2330,觀察股,46.8,55.0,37.0,50.0,,-2.904564315352697,1.4522821576763485,-3.7344398340248963,4.149377593360995
2026-06-18,2303,觀察股,45.2,43.0,45.0,50.0,,12.714776632302405,17.18213058419244,-10.652920962199312,10.996563573883162
2026-06-18,1301,觀察股,44.8,65.0,22.0,50.0,,0.9671179883945841,20.116054158607348,17.214700193423592,29.206963249516427
2026-06-18,1303,觀察股,44.0,40.0,45.0,50.0,,6.474820143884892,41.726618705035975,34.172661870503596,82.73381294964028
2026-06-18,1326,觀察股,44.0,55.0,30.0,50.0,,0.0,25.46125461254612,18.45018450184502,24.907749077490774
2026-06-18,6505,觀察股,44.0,55.0,30.0,50.0,,0.0,10.09345794392523,45.23364485981309,76.07476635514018
2026-06-18,2609,觀察股,43.2,33.0,45.0,60.0,,-2.3391812865496995,2.1442495126705685,-4.483430799220268,14.619883040935674
2026-06-18,2345,觀察股,41.2,33.0,45.0,50.0,,-2.2587268993839835,12.320328542094455,-14.168377823408623,-21.971252566735114
2026-06-18,2317,觀察股,41.2,33.0,45.0,50.0,,-7.4487895716946,-10.42830540037244,-12.66294227188082,-5.400372439478584
2026-06-18,2301,觀察股,41.2,33.0,45.0,50.0,,-4.275534441805226,4.038004750593824,-8.076009501187649,35.15439429928741
2026-06-18,2412,觀察股,40.8,55.0,22.0,50.0,,-0.6944444444444444,-2.083333333333333,-3.4722222222222223,1.0416666666666665
2026-06-18,5880,觀察股,40.0,30.0,45.0,50.0,,-0.20202020202020488,-0.20202020202020488,3.0303030303030303,5.05050505050505
2026-06-19,3711,觀察股,52.0,53.0,45.0,64.0,,3.0995106035889073,11.256117455138662,-2.6101141924959217,15.823817292006526
2026-06-19,2337,觀察股,51.2,65.0,38.0,50.0,,-3.8461538461538463,-15.680473372781064,-30.473372781065088,-28.402366863905325
2026-06-19,2885,觀察股,48.0,65.0,30.0,50.0,,-2.5000000000000044,-1.17647058823529,-7.500000000000003,-0.8823529411764622
2026-06-19,2408,觀察股,48.0,65.0,30.0,50.0,,-2.2850924918389555,-10.88139281828074,-17.08378672470076,12.948857453754082
2026-06-19,3034,觀察股,46.8,55.0,37.0,50.0,,-1.3565891472868217,4.263565891472868,-11.24031007751938,6.007751937984496
2026-06-19,2330,觀察股,46.8,55.0,37.0,50.0,,-2.904564315352697,1.4522821576763485,-3.7344398340248963,4.149377593360995
2026-06-19,2303,觀察股,46.7,43.0,45.0,57.5,,12.714776632302405,17.18213058419244,-10.652920962199312,10.996563573883162
2026-06-19,1301,觀察股,44.8,65.0,22.0,50.0,,0.9671179883945841,20.116054158607348,17.214700193423592,29.206963249516427
2026-06-19,1303,觀察股,44.0,40.0,45.0,50.0,,6.474820143884892,41.726618705035975,34.172661870503596,82.73381294964028
2026-06-19,1326,觀察股,44.0,55.0,30.0,50.0,,0.0,25.46125461254612,18.45018450184502,24.907749077490774
2026-06-19,5880,觀察股,41.5,30.0,45.0,57.5,,-0.20202020202020488,-0.20202020202020488,3.0303030303030303,5.05050505050505
2026-06-19,6505,觀察股,41.2,55.0,23.0,50.0,,0.0,10.09345794392523,45.23364485981309,76.07476635514018
2026-06-19,2609,觀察股,41.2,33.0,45.0,50.0,,-2.3391812865496995,2.1442495126705685,-4.483430799220268,14.619883040935674
2026-06-19,2317,觀察股,41.2,33.0,45.0,50.0,,-7.4487895716946,-10.42830540037244,-12.66294227188082,-5.400372439478584
2026-06-19,2301,觀察股,41.2,33.0,45.0,50.0,,-4.275534441805226,4.038004750593824,-8.076009501187649,35.15439429928741
2026-06-19,2345,觀察股,41.2,33.0,45.0,50.0,,-2.2587268993839835,12.320328542094455,-14.168377823408623,-21.971252566735114
2026-06-19,2412,觀察股,40.8,55.0,22.0,50.0,,-0.6944444444444444,-2.083333333333333,-3.4722222222222223,1.0416666666666665
2026-06-22,3711,觀察股,54.0,65.0,45.0,50.0,,-6.973293768545995,0.741839762611276,-6.083086053412463,5.341246290801187
2026-06-22,2303,觀察股,54.0,65.0,45.0,50.0,,2.5,3.75,-15.937499999999998,0.9375
2026-06-22,2337,觀察股,51.2,65.0,38.0,50.0,,-14.555256064690028,-22.10242587601078,-33.692722371967655,-34.77088948787062
2026-06-22,2330,觀察股,50.8,65.0,37.0,50.0,,-5.577689243027888,-1.9920318725099602,-3.9840637450199203,0.0
2026-06-22,2345,觀察股,49.2,53.0,45.0,50.0,,-9.826589595375722,1.9267822736030826,-14.450867052023122,-26.78227360308285
2026-06-22,2408,觀察股,48.0,65.0,30.0,50.0,,-10.297029702970297,-16.732673267326735,-19.801980198019802,2.7722772277227725
2026-06-22,6415,觀察股,48.0,65.0,30.0,50.0,,-11.144130757800893,-7.87518573551263,-31.426448736998513,-38.632986627043095
2026-06-22,2891,觀察股,44.0,55.0,30.0,50.0,,-0.2836879432624154,1.2765957446808591,-11.06382978723404,-3.6879432624113395
2026-06-22,1303,觀察股,44.0,40.0,45.0,50.0,,-0.6557377049180327,21.311475409836063,28.196721311475407,66.55737704918033
2026-06-22,2317,觀察股,41.2,33.0,45.0,50.0,,-8.193668528864059,-9.869646182495345,-8.379888268156424,-5.400372439478584
2026-06-22,2301,觀察股,41.2,33.0,45.0,50.0,,-8.639308855291576,-3.2397408207343417,-10.583153347732182,22.894168466522675
2026-06-22,1326,觀察股,41.2,55.0,23.0,50.0,,-2.3131672597864843,20.28469750889678,22.064056939501764,20.462633451957295
2026-06-22,6505,觀察股,41.2,55.0,23.0,50.0,,2.407407407407402,10.185185185185185,58.14814814814816,74.44444444444444
2026-06-22,2609,觀察股,41.2,33.0,45.0,50.0,,-1.7208413001912017,1.3384321223709423,-2.6768642447418713,12.4282982791587
2026-06-22,1301,觀察股,40.8,55.0,22.0,50.0,,1.5267175572519165,15.267175572519085,20.229007633587788,27.480916030534345
2026-06-22,2412,觀察股,40.8,55.0,22.0,50.0,,-1.7301038062283738,-2.0761245674740483,-3.8062283737024223,0.6920415224913495
2026-06-22,3034,觀察股,40.8,40.0,37.0,50.0,,-7.760141093474426,-5.114638447971781,-16.049382716049383,-3.527336860670194
2026-06-22,1590,觀察股,40.0,45.0,30.0,50.0,,-2.867383512544803,-0.7168458781362007,-2.5089605734767026,-15.053763440860216
2026-06-22,5880,觀察股,40.0,30.0,45.0,50.0,,1.6359918200409087,1.6359918200409087,5.112474437627812,6.3394683026584895
2026-06-23,2303,強力候選,55.5,65.0,45.0,57.5,,-3.2352941176470593,-8.823529411764707,-18.235294117647058,-5.0
2026-06-23,3711,觀察股,50.0,55.0,45.0,50.0,,2.719033232628399,-1.6616314199395772,-0.906344410876133,7.250755287009064
2026-06-23,1590,觀察股,48.0,65.0,30.0,50.0,,-2.909090909090909,0.36363636363636365,4.0,-13.818181818181818
2026-06-23,2337,觀察股,47.2,55.0,38.0,50.0,,-9.593023255813954,-19.186046511627907,-21.511627906976745,-29.651162790697676
2026-06-23,2408,觀察股,47.2,55.0,30.0,66.0,,-0.44004400440044,-11.331133113311331,-1.9801980198019802,14.19141914191419
2026-06-23,2330,觀察股,46.8,55.0,37.0,50.0,,-3.2128514056224895,-2.0080321285140563,-3.614457831325301,0.8032128514056224
2026-06-23,3034,觀察股,46.8,55.0,37.0,50.0,,-1.6544117647058825,-2.389705882352941,-7.904411764705882,0.5514705882352942
2026-06-23,2891,觀察股,46.4,55.0,30.0,62.0,,-1.933701657458571,-3.038674033149175,-11.602209944751388,-6.215469613259668
2026-06-23,1303,觀察股,45.5,40.0,45.0,57.5,,7.766990291262135,7.766990291262135,34.627831715210355,64.40129449838187
2026-06-23,2885,觀察股,45.5,55.0,30.0,57.5,,-3.8067349926793477,2.1961932650073206,-7.613469985358706,-1.3177159590043799
2026-06-23,6415,觀察股,45.5,55.0,30.0,57.5,,-7.286821705426356,-13.178294573643413,-25.03875968992248,-35.968992248062015
2026-06-23,2002,觀察股,44.8,65.0,22.0,50.0,,-2.083333333333326,-3.124999999999989,-1.8229166666666556,-1.3020833333333335
2026-06-23,2327,觀察股,44.0,55.0,30.0,50.0,,11.76470588235294,-11.27450980392157,-31.07843137254902,-40.98039215686274
2026-06-23,3045,觀察股,43.6,55.0,29.0,50.0,,-2.100840336134454,-2.100840336134454,-5.46218487394958,2.5210084033613445
2026-06-23,2454,觀察股,42.3,43.0,29.0,67.5,,-6.39470782800441,-11.13561190738699,-15.104740904079383,9.812568908489526
2026-06-23,2345,觀察股,42.0,35.0,45.0,50.0,,2.4640657084188913,0.8213552361396305,-6.160164271047227,-21.971252566735114
2026-06-23,8046,觀察股,41.2,55.0,23.0,50.0,,30.363036303630363,13.31133113311331,43.56435643564357,56.215621562156215
2026-06-23,1326,觀察股,41.2,55.0,23.0,50.0,,2.824858757062147,19.20903954802259,32.956685499058366,27.495291902071568
2026-06-23,2301,觀察股,41.2,33.0,45.0,50.0,,-0.6711409395973155,-4.697986577181208,-2.460850111856823,27.293064876957494
2026-06-23,2412,觀察股,40.8,55.0,22.0,50.0,,-1.7361111111111112,-2.083333333333333,-3.8194444444444446,1.0416666666666665
2026-06-23,1301,觀察股,40.8,55.0,22.0,50.0,,9.989909182643801,15.640766902119072,28.153380423814333,34.81331987891019
2026-06-23,2207,觀察股,40.0,45.0,30.0,50.0,,-4.020618556701031,-2.88659793814433,1.443298969072165,6.185567010309279
2026-06-23,5880,觀察股,40.0,30.0,45.0,50.0,,1.2219959266802474,1.4256619144602765,4.0733197556008145,5.906313645621178
2026-06-24,3711,觀察股,50.0,55.0,45.0,50.0,,7.656967840735068,-4.287901990811639,-0.6125574272588056,8.728943338437979
2026-06-24,5880,觀察股,50.0,55.0,45.0,50.0,,1.844262295081979,2.8688524590164053,4.918032786885258,6.557377049180333
2026-06-24,2337,觀察股,47.2,55.0,38.0,50.0,,-16.569767441860463,-19.476744186046513,-24.709302325581394,-29.651162790697676
2026-06-24,3034,觀察股,46.8,55.0,37.0,50.0,,-0.9208103130755065,0.1841620626151013,-7.366482504604052,0.7366482504604052
2026-06-24,2330,觀察股,46.8,55.0,37.0,50.0,,4.811715481171548,3.1380753138075312,0.6276150627615062,5.02092050209205
2026-06-24,2303,觀察股,46.4,40.0,45.0,62.0,,-5.056179775280898,-8.426966292134832,-22.191011235955056,-9.269662921348315
2026-06-24,2884,觀察股,45.5,55.0,30.0,57.5,,-6.0000000000000036,-0.7142857142857143,1.857142857142853,29.571428571428577
2026-06-24,1301,觀察股,44.8,65.0,22.0,50.0,,-0.3669724770642254,6.422018348623854,21.467889908256886,22.56880733944954
2026-06-24,2885,觀察股,44.0,55.0,30.0,50.0,,-0.15128593040846344,8.169440242057497,-4.236006051437212,1.9667170953101536
2026-06-24,2207,觀察股,44.0,55.0,30.0,50.0,,-2.6178010471204187,0.6282722513089005,3.0366492146596857,7.853403141361256
2026-06-24,6415,觀察股,44.0,55.0,30.0,50.0,,-2.809917355371901,-8.925619834710744,-21.5702479338843,-31.735537190082646
2026-06-24,3008,觀察股,44.0,55.0,30.0,50.0,,-11.63265306122449,-19.387755102040817,-15.510204081632653,26.632653061224488
2026-06-24,1590,觀察股,44.0,55.0,30.0,50.0,,-0.7220216606498195,-2.888086642599278,1.444043321299639,-14.440433212996389
2026-06-24,2379,觀察股,44.0,55.0,30.0,50.0,,3.23785803237858,1.7434620174346203,-7.22291407222914,-5.1058530510585305
2026-06-24,2408,觀察股,44.0,55.0,30.0,50.0,,-5.0732807215332585,-10.710259301014656,-3.9458850056369785,17.023675310033823
2026-06-24,3045,觀察股,43.6,55.0,29.0,50.0,,-1.2552301255230125,-5.439330543933055,-6.2761506276150625,2.092050209205021
2026-06-24,2002,觀察股,42.8,55.0,22.0,60.0,,-3.6175710594315387,-3.359173126614998,-1.2919896640826873,-2.0671834625323107
2026-06-24,2345,觀察股,42.0,35.0,45.0,50.0,,12.0,1.6842105263157894,-2.1052631578947367,-20.0
2026-06-24,2609,觀察股,41.2,33.0,45.0,50.0,,-1.744186046511625,1.3565891472868135,-2.131782945736437,13.953488372093014
2026-06-24,1326,觀察股,41.2,55.0,23.0,50.0,,-2.4263431542461102,12.131715771230501,24.263431542461003,17.33102253032929
2026-06-24,6505,觀察股,41.2,55.0,23.0,50.0,,-2.898550724637684,7.608695652173905,68.84057971014492,70.65217391304347
2026-06-24,8046,觀察股,41.2,55.0,23.0,50.0,,23.036649214659686,15.706806282722512,28.79581151832461,48.69109947643979
2026-06-24,2301,觀察股,41.2,33.0,45.0,50.0,,1.3856812933025404,-1.1547344110854503,0.6928406466512702,31.40877598152425
2026-06-24,1303,觀察股,40.0,30.0,45.0,50.0,,17.307692307692307,16.666666666666664,26.282051282051285,62.82051282051282
2026-06-25,5880,強力候選,55.5,65.0,45.0,57.5,,-2.1912350597609587,0.19920318725098468,2.191235059760945,3.5856573705179224
2026-06-25,3711,觀察股,50.0,55.0,45.0,50.0,,13.416536661466457,5.61622464898596,-4.368174726989079,10.764430577223088
2026-06-25,2337,觀察股,47.2,55.0,38.0,50.0,,-9.907120743034056,-11.145510835913312,-23.219814241486066,-25.077399380804955
2026-06-25,2330,觀察股,46.8,55.0,37.0,50.0,,3.1380753138075312,1.0460251046025104,-1.6736401673640167,5.02092050209205
2026-06-25,2379,觀察股,45.5,55.0,30.0,57.5,,-0.36855036855036855,3.194103194103194,-8.5995085995086,-6.388206388206388
2026-06-25,1326,觀察股,45.2,65.0,23.0,50.0,,4.0336134453781485,0.8403361344537815,13.445378151260504,13.781512605042021
2026-06-25,8046,觀察股,45.2,65.0,23.0,50.0,,9.569377990430622,16.267942583732058,6.220095693779904,35.88516746411483
2026-06-25,1301,觀察股,44.8,65.0,22.0,50.0,,2.9310344827586254,-5.51724137931035,8.103448275862075,15.172413793103443
2026-06-25,1590,觀察股,44.0,55.0,30.0,50.0,,0.0,-7.913669064748201,2.5179856115107913,-14.748201438848922
2026-06-25,2884,觀察股,44.0,55.0,30.0,50.0,,-4.936530324400564,-1.9746121297602333,1.4104372355430181,27.926657263751757
2026-06-25,2408,觀察股,44.0,55.0,30.0,50.0,,-14.675052410901468,-8.70020964360587,-15.932914046121594,8.80503144654088
2026-06-25,6415,觀察股,44.0,55.0,30.0,50.0,,1.4634146341463417,-14.959349593495935,-23.983739837398375,-32.84552845528455
2026-06-25,6505,觀察股,41.2,55.0,23.0,50.0,,3.0411449016100227,5.187835420393558,53.48837209302325,68.51520572450805
2026-06-25,4938,觀察股,41.2,33.0,45.0,50.0,,-3.2558139534883686,-3.8372093023255784,2.7906976744186114,4.8837209302325615
2026-06-25,2609,觀察股,41.2,33.0,45.0,50.0,,-0.7782101167315147,0.3891050583657643,0.19455252918288216,14.396887159533073
2026-06-25,2207,觀察股,40.0,45.0,30.0,50.0,,-3.229166666666667,-0.7291666666666666,2.8125,7.291666666666667
2026-06-25,2303,觀察股,40.0,30.0,45.0,50.0,,-7.282913165266107,-12.605042016806722,-28.291316526610643,-9.523809523809524
2026-06-25,1303,觀察股,40.0,30.0,45.0,50.0,,27.09677419354839,17.096774193548388,14.516129032258066,63.87096774193548
2026-06-26,1590,強力候選,58.9,64.0,30.0,50.0,100.0,5.88235294117647,-2.941176470588235,5.88235294117647,-12.867647058823529
2026-06-26,5880,強力候選,57.8,60.0,45.0,62.0,70.0,0.0,2.0242914979757085,5.060728744939271,5.263157894736845
2026-06-26,2883,強力候選,57.2,60.0,15.0,98.0,85.0,-4.849498327759195,-0.33444816053510995,2.6755852842809387,23.411371237458194
2026-06-26,3711,強力候選,57.1,60.0,45.0,57.5,70.0,7.9113924050632916,6.012658227848101,-3.79746835443038,12.341772151898734
2026-06-26,2303,強力候選,56.0,60.0,45.0,50.0,70.0,3.9634146341463414,-6.402439024390244,-23.170731707317074,-1.524390243902439
2026-06-26,1326,觀察股,54.4,60.0,23.0,50.0,95.0,25.46125461254612,19.926199261992615,19.926199261992615,24.907749077490774
2026-06-26,1301,觀察股,52.0,64.0,22.0,60.0,70.0,18.965517241379306,15.32567049808429,18.199233716475092,27.969348659003817
2026-06-26,3034,觀察股,51.6,60.0,37.0,50.0,60.0,5.697445972495088,-8.153241650294696,1.768172888015717,7.465618860510806
2026-06-26,3045,觀察股,49.2,40.0,29.0,50.0,95.0,-1.6877637130801686,-7.59493670886076,-4.219409282700422,2.9535864978902953
2026-06-26,6505,觀察股,49.0,59.0,23.0,50.0,70.0,10.09345794392523,17.943925233644862,45.607476635514026,76.07476635514018
2026-06-26,8046,觀察股,48.2,45.0,23.0,50.0,90.0,5.333333333333334,12.88888888888889,-4.444444444444445,26.222222222222225
2026-06-26,2884,觀察股,47.5,60.0,30.0,50.0,50.0,-2.460202604920389,0.14471780028944795,5.354558610709121,31.259044862518103
2026-06-26,3008,觀察股,47.5,60.0,30.0,50.0,50.0,-10.38135593220339,-7.944915254237288,-13.347457627118645,31.46186440677966
2026-06-26,2327,觀察股,47.5,60.0,30.0,50.0,50.0,2.955665024630542,-19.60591133004926,-38.42364532019704,-40.689655172413794
2026-06-26,2408,觀察股,47.5,60.0,30.0,50.0,50.0,-8.797327394209354,-5.79064587973274,-2.89532293986637,15.590200445434299
2026-06-26,2207,觀察股,47.4,54.0,30.0,50.0,60.0,-1.6632016632016633,-1.2474012474012475,3.5343035343035343,7.0686070686070686
2026-06-26,2337,觀察股,43.9,60.0,38.0,50.0,20.0,-12.307692307692308,-15.076923076923077,-22.76923076923077,-25.538461538461537
2026-06-26,2891,觀察股,43.6,40.0,30.0,57.5,60.0,0.42674253200568585,-5.405405405405402,-10.384068278805117,-3.413940256045507
2026-06-26,2885,觀察股,43.6,40.0,30.0,57.5,60.0,1.357466063348425,3.0165912518853695,-2.413273001508287,1.659125188536966
2026-06-26,1303,觀察股,43.2,35.0,45.0,50.0,50.0,33.108108108108105,34.7972972972973,17.56756756756757,71.62162162162163
2026-06-26,2002,觀察股,41.8,45.0,22.0,50.0,60.0,-0.2631578947368458,-3.157894736842113,1.3157894736842104,-0.2631578947368458
2026-06-26,2379,觀察股,41.5,60.0,30.0,50.0,20.0,5.810810810810811,2.1621621621621623,2.9729729729729732,2.9729729729729732
2026-06-29,3711,強力候選,56.2,60.0,45.0,70.0,56.0,8.293460925039872,2.2328548644338118,-11.64274322169059,13.237639553429027
2026-06-29,6505,觀察股,53.0,69.0,30.0,50.0,62.0,7.594936708860765,19.710669077757696,34.9005424954792,70.34358047016276
2026-06-29,1590,觀察股,52.3,60.0,30.0,50.0,74.0,2.214022140221402,-4.797047970479705,0.7380073800738007,-12.546125461254611
2026-06-29,8046,觀察股,51.4,60.0,23.0,50.0,80.0,-0.4629629629629629,19.444444444444446,-9.62962962962963,31.48148148148148
2026-06-29,2207,觀察股,49.6,54.0,30.0,50.0,71.0,-0.41797283176593525,0.3134796238244514,4.493207941483804,7.628004179728317
2026-06-29,5880,觀察股,49.2,35.0,45.0,50.0,80.0,0.0,1.4084507042253436,4.426559356136812,4.62776659959758
2026-06-29,3034,觀察股,49.0,60.0,37.0,50.0,47.0,2.8680688336520075,-10.51625239005736,-5.831739961759083,4.588910133843212
2026-06-29,2379,觀察股,47.5,60.0,30.0,50.0,50.0,-1.7879948914431671,-3.7037037037037033,-6.641123882503193,-2.681992337164751
2026-06-29,2408,觀察股,47.5,60.0,30.0,50.0,50.0,-7.174392935982341,-1.1037527593818985,-13.35540838852097,14.56953642384106
2026-06-29,6415,觀察股,47.0,45.0,30.0,50.0,74.0,3.678929765886288,-17.474916387959865,-32.357859531772576,-30.93645484949833
2026-06-29,1301,觀察股,46.3,60.0,22.0,50.0,56.0,13.533834586466156,19.548872180451124,8.082706766917287,25.563909774436077
2026-06-29,4938,觀察股,45.5,38.0,45.0,50.0,56.0,2.7980535279805316,-0.12165450121655538,1.21654501216545,9.7323600973236
2026-06-29,3045,觀察股,45.0,40.0,29.0,50.0,74.0,-0.423728813559322,-7.627118644067797,-3.389830508474576,3.389830508474576
2026-06-29,2337,觀察股,44.6,55.0,38.0,50.0,32.0,-8.832807570977918,-11.987381703470032,-28.706624605678233,-23.65930599369085
2026-06-29,2303,觀察股,44.4,35.0,45.0,50.0,56.0,1.2195121951219512,-7.926829268292683,-30.79268292682927,-1.524390243902439
2026-06-29,2330,觀察股,44.3,45.0,37.0,50.0,50.0,3.79746835443038,2.109704641350211,-3.79746835443038,5.9071729957805905
2026-06-29,1303,觀察股,43.2,35.0,45.0,50.0,50.0,22.112211221122113,38.613861386138616,3.6303630363036308,67.65676567656766
2026-06-29,2885,觀察股,42.9,40.0,30.0,50.0,62.0,4.109589041095894,1.5220700152207,-3.348554033485544,2.587519025875195
2026-06-29,1326,觀察股,41.8,60.0,23.0,50.0,32.0,23.132969034608372,22.040072859744996,10.92896174863388,23.31511839708562
2026-06-29,2891,觀察股,41.7,40.0,30.0,50.0,56.0,1.5647226173542084,-7.539118065433851,-11.237553342816499,-3.413940256045507
2026-06-29,2884,觀察股,40.5,40.0,30.0,50.0,50.0,-0.14492753623187582,0.0,5.072463768115942,31.449275362318847
2026-06-29,2883,觀察股,40.2,40.0,15.0,50.0,71.0,-2.192242833052272,-0.5059021922428283,-0.1686340640809348,24.45193929173693
2026-06-30,5880,強力候選,60.7,60.0,45.0,68.0,80.0,0.20120724346075317,2.0120724346076457,5.030181086519114,4.62776659959758
2026-06-30,3017,觀察股,51.2,51.0,37.0,50.0,74.0,-2.9702970297029703,-14.257425742574256,-17.02970297029703,39.00990099009901
2026-06-30,6505,觀察股,50.1,64.0,30.0,50.0,56.0,5.26315789473684,32.123411978221405,35.75317604355716,70.96188747731398
2026-06-30,2609,觀察股,50.0,51.0,45.0,50.0,56.0,-1.7307692307692282,-3.4615384615384563,-3.653846153846151,13.076923076923071
2026-06-30,3034,觀察股,49.6,60.0,37.0,50.0,50.0,-0.7476635514018692,-11.775700934579438,-5.607476635514018,2.2429906542056073
2026-06-30,1326,觀察股,48.7,60.0,30.0,50.0,56.0,15.934065934065925,29.67032967032966,7.14285714285714,23.992673992673993
2026-06-30,2395,觀察股,48.6,51.0,30.0,50.0,71.0,0.9146341463414633,8.333333333333332,11.788617886178862,46.95121951219512
2026-06-30,2379,觀察股,47.5,60.0,30.0,50.0,50.0,-3.722084367245657,-6.575682382133994,-8.436724565756824,-5.459057071960298
2026-06-30,2408,觀察股,47.5,60.0,30.0,50.0,50.0,-10.939226519337018,6.2983425414364635,-21.878453038674035,14.696132596685082
2026-06-30,2345,觀察股,47.2,43.0,45.0,50.0,56.0,-1.6032064128256511,-6.212424849699398,-23.446893787575153,-23.847695390781563
2026-06-30,3711,觀察股,47.2,43.0,45.0,50.0,56.0,-4.264705882352941,0.4411764705882353,-26.61764705882353,4.411764705882353
2026-06-30,2330,觀察股,46.3,48.0,37.0,60.0,47.0,1.2448132780082988,1.2448132780082988,-8.71369294605809,4.149377593360995
2026-06-30,1301,觀察股,46.3,60.0,22.0,50.0,56.0,5.1376146788990775,20.550458715596335,3.119266055045877,22.56880733944954
2026-06-30,8046,觀察股,46.1,45.0,23.0,57.5,74.0,-13.080168776371309,19.40928270042194,-25.82278481012658,19.831223628691983
2026-06-30,1303,觀察股,46.0,43.0,45.0,50.0,50.0,0.0,36.63663663663664,-15.015015015015015,52.552552552552555
2026-06-30,2353,觀察股,45.7,48.0,30.0,50.0,62.0,-3.3232628398791584,-6.193353474320244,-13.444108761329312,-3.7764350453172204
2026-06-30,6415,觀察股,45.3,40.0,30.0,50.0,74.0,-6.354515050167224,-15.719063545150503,-37.20735785953177,-30.93645484949833
2026-06-30,2301,觀察股,45.2,51.0,45.0,50.0,32.0,-4.054054054054054,-2.7027027027027026,-16.666666666666664,28.153153153153156
2026-06-30,2303,觀察股,44.4,35.0,45.0,50.0,56.0,-5.775075987841945,0.911854103343465,-37.68996960486322,-1.82370820668693
2026-06-30,1590,觀察股,43.4,50.0,30.0,50.0,47.0,3.3707865168539324,2.247191011235955,-0.7490636704119851,-11.235955056179774
2026-06-30,2886,觀察股,43.0,60.0,15.0,50.0,50.0,1.5184381778741773,-0.21691973969631545,8.242950108459864,5.96529284164859
2026-06-30,2891,觀察股,42.3,40.0,30.0,62.0,50.0,-1.1267605633802777,-10.56338028169014,-12.676056338028168,-4.366197183098584
2026-06-30,2885,觀察股,41.7,40.0,30.0,50.0,56.0,6.240487062404862,1.9786910197869059,-5.32724505327245,2.587519025875195
2026-06-30,4938,觀察股,41.6,27.0,45.0,50.0,56.0,-1.7899761336515514,-1.3126491646777976,-2.147971360381858,7.63723150357996
2026-06-30,2883,觀察股,41.3,40.0,15.0,57.5,71.0,4.878048780487813,5.0522648083623665,1.5679442508710777,28.57142857142857
2026-06-30,2884,觀察股,40.5,40.0,30.0,50.0,50.0,0.14513788098692934,0.0,5.950653120464432,31.640058055152387
2026-06-30,2615,觀察股,40.4,37.0,45.0,50.0,32.0,-2.7777777777777812,3.1565656565656566,7.323232323232319,42.04545454545454
2026-07-01,2345,強力候選,59.5,78.0,45.0,50.0,56.0,-9.210526315789473,-12.781954887218044,-27.25563909774436,-28.57142857142857
2026-07-01,5880,強力候選,57.4,60.0,45.0,50.0,77.0,1.0060362173038229,2.6156941649899337,8.651911468812871,4.62776659959758
2026-07-01,3017,觀察股,53.5,54.0,37.0,50.0,80.0,-11.259541984732824,-15.076335877862595,-19.46564885496183,33.969465648854964
2026-07-01,1590,觀察股,52.3,60.0,30.0,50.0,74.0,-2.181818181818182,-1.8181818181818181,-2.5454545454545454,-13.818181818181818
2026-07-01,2330,觀察股,51.8,68.0,37.0,50.0,47.0,-1.5968063872255487,-1.3972055888223553,-11.976047904191617,0.19960079840319359
2026-07-01,1303,觀察股,51.6,45.0,45.0,50.0,74.0,-0.546448087431694,20.76502732240437,-20.76502732240437,38.79781420765027
2026-07-01,3711,觀察股,49.4,49.0,45.0,50.0,56.0,-11.095305832147938,-2.987197724039829,-28.165007112375534,0.995732574679943
2026-07-01,3034,觀察股,49.0,60.0,37.0,50.0,47.0,1.1152416356877324,-12.360594795539033,-8.736059479553903,1.6728624535315983
2026-07-01,2379,觀察股,48.6,60.0,30.0,57.5,50.0,-1.4475271411338964,-14.11338962605549,-15.922798552472859,-8.082026537997587
2026-07-01,2301,觀察股,48.1,42.0,45.0,50.0,62.0,-2.5056947608200453,-0.683371298405467,-13.439635535307518,29.6127562642369
2026-07-01,1301,觀察股,47.5,60.0,22.0,50.0,62.0,6.813996316758754,20.810313075506443,-0.5524861878452987,23.020257826887665
2026-07-01,6505,觀察股,47.0,55.0,30.0,50.0,56.0,10.820895522388053,49.25373134328358,33.58208955223879,75.74626865671642
2026-07-01,2395,觀察股,46.6,42.0,30.0,50.0,77.0,8.548707753479125,5.36779324055666,8.747514910536779,43.737574552683895
2026-07-01,2303,觀察股,45.6,35.0,45.0,50.0,62.0,-3.5502958579881656,-5.325443786982249,-34.9112426035503,-4.437869822485207
2026-07-01,6669,觀察股,44.4,47.0,37.0,50.0,47.0,0.29791459781529295,1.5888778550148956,-2.6812313803376364,-58.09334657398213
2026-07-01,1326,觀察股,43.9,60.0,30.0,50.0,32.0,14.92007104795738,22.38010657193607,0.1776198934280665,20.2486678507993
2026-07-01,8046,觀察股,43.6,35.0,30.0,50.0,74.0,-5.957446808510639,8.51063829787234,-28.76595744680851,20.851063829787233
2026-07-01,2891,觀察股,42.6,40.0,30.0,68.0,47.0,0.9915014164305991,-10.764872521246453,-10.623229461756365,-3.824362606232279
2026-07-01,2360,觀察股,42.1,41.0,30.0,50.0,56.0,-18.28193832599119,-12.334801762114537,-15.859030837004406,-8.370044052863436
2026-07-01,2317,觀察股,41.9,33.0,45.0,50.0,47.0,-4.233870967741935,-2.217741935483871,-7.459677419354839,2.4193548387096775
2026-07-01,2353,觀察股,41.8,37.0,30.0,50.0,62.0,0.6230529595015444,-4.205607476635518,-13.084112149532718,-0.778816199376947
2026-07-01,6415,觀察股,41.7,40.0,30.0,50.0,56.0,-6.292517006802721,-19.5578231292517,-36.13945578231292,-29.761904761904763
2026-07-01,2885,觀察股,41.7,40.0,30.0,50.0,56.0,8.333333333333332,1.0606060606060648,-4.393939393939392,2.1212121212121295
2026-07-01,2327,觀察股,41.1,35.0,30.0,57.5,56.0,-21.842105263157897,-31.929824561403507,-59.9561403508772,-47.192982456140356
2026-07-02,3017,強力候選,60.5,74.0,37.0,50.0,80.0,-14.233576642335766,-19.708029197080293,-15.328467153284672,28.102189781021895
2026-07-02,2395,觀察股,53.6,62.0,30.0,50.0,77.0,5.88235294117647,0.5882352941176471,10.392156862745098,41.76470588235294
2026-07-02,6505,觀察股,53.2,73.0,30.0,50.0,56.0,2.083333333333326,41.14583333333333,22.916666666666657,63.541666666666664
2026-07-02,2345,觀察股,53.0,49.0,45.0,50.0,74.0,-10.181818181818182,-24.0,-22.727272727272727,-30.909090909090907
2026-07-02,1303,觀察股,52.8,45.0,45.0,50.0,80.0,-7.868020304568528,1.015228426395939,-19.035532994923855,28.934010152284262
2026-07-02,2330,觀察股,50.4,64.0,37.0,50.0,47.0,-2.028397565922921,-7.099391480730223,-1.6227180527383367,1.8255578093306288
2026-07-02,3711,觀察股,49.2,45.0,45.0,50.0,62.0,-6.87757909215956,-15.543328748280604,-23.658872077028885,-2.3383768913342506
2026-07-02,5880,觀察股,49.2,40.0,45.0,50.0,71.0,2.44399185336048,3.258655804480654,12.423625254582488,5.906313645621178
2026-07-02,2301,觀察股,48.1,42.0,45.0,50.0,62.0,-3.611738148984198,-11.286681715575622,-5.643340857787811,28.442437923250562
2026-07-02,6669,觀察股,47.5,54.0,37.0,50.0,50.0,-3.076923076923077,-11.153846153846155,3.653846153846154,-59.42307692307692
2026-07-02,2892,觀察股,47.5,60.0,30.0,50.0,50.0,4.672897196261682,6.230529595015576,14.485981308411212,20.560747663551403
2026-07-02,2379,觀察股,47.5,60.0,30.0,50.0,50.0,3.5758323057953145,-11.467324290998766,-15.782983970406905,-6.041923551171394
2026-07-02,2886,觀察股,44.8,60.0,15.0,62.0,50.0,1.5217391304347887,3.4782608695652204,15.434782608695654,6.195652173913047
2026-07-02,6415,觀察股,44.5,48.0,30.0,50.0,56.0,-16.185897435897438,-30.288461538461537,-33.81410256410257,-33.81410256410257
2026-07-02,2303,觀察股,44.4,35.0,45.0,50.0,56.0,-5.740181268882175,-12.990936555891238,-26.888217522658607,-2.416918429003021
2026-07-02,8046,觀察股,43.6,35.0,30.0,50.0,74.0,6.11353711790393,0.43668122270742354,-19.65065502183406,24.017467248908297
2026-07-02,1590,觀察股,43.0,35.0,30.0,50.0,71.0,-7.913669064748201,-8.992805755395683,-4.676258992805756,-14.748201438848922
2026-07-02,3034,觀察股,42.0,40.0,37.0,50.0,47.0,0.18484288354898337,-14.87985212569316,-4.066543438077634,1.1090573012939002
2026-07-02,2327,觀察股,41.7,40.0,30.0,50.0,56.0,-14.691943127962084,-33.74407582938389,-52.41706161137441,-42.93838862559242
2026-07-02,1301,觀察股,41.6,43.0,22.0,50.0,62.0,-8.207705192629824,5.192629815745383,-7.872696817420439,11.892797319932988
2026-07-02,3045,觀察股,41.2,43.0,29.0,50.0,50.0,-8.438818565400844,-6.329113924050633,-5.063291139240507,2.9535864978902953
2026-07-02,2353,觀察股,40.4,33.0,30.0,50.0,62.0,1.5625,-7.499999999999996,-9.843749999999996,-0.46874999999999556
2026-07-03,2345,強力候選,58.2,64.0,45.0,50.0,74.0,-12.065813528336381,-23.583180987202926,-14.625228519195613,-30.53016453382084
2026-07-03,2609,強力候選,57.8,63.0,45.0,50.0,74.0,-4.389312977099231,-6.488549618320608,-3.0534351145038197,12.213740458015266
2026-07-03,3017,強力候選,55.6,60.0,37.0,50.0,80.0,-19.384057971014492,-22.644927536231883,-7.608695652173914,27.173913043478258
2026-07-03,2301,強力候選,55.1,62.0,45.0,50.0,62.0,1.36986301369863,-11.643835616438356,4.794520547945205,29.908675799086758
2026-07-03,6669,觀察股,54.5,74.0,37.0,50.0,50.0,-5.7929724596391265,-11.016144349477683,12.535612535612536,-59.92402659069326
2026-07-03,6505,觀察股,53.6,74.0,30.0,50.0,56.0,7.130730050933791,31.91850594227505,14.94057724957556,59.93208828522921
2026-07-03,2395,觀察股,52.9,60.0,30.0,50.0,77.0,2.8790786948176583,-0.9596928982725527,10.556621880998081,38.771593090211134
2026-07-03,3711,觀察股,52.8,64.0,45.0,50.0,47.0,-1.7595307917888565,-12.463343108504398,-10.557184750733137,4.105571847507331
2026-07-03,1590,觀察股,52.6,53.0,37.0,50.0,77.0,-8.333333333333332,-7.291666666666667,-1.7361111111111112,-17.708333333333336
2026-07-03,2615,觀察股,52.2,47.0,45.0,50.0,74.0,-4.347826086956514,-2.7777777777777746,3.9855072463768084,35.86956521739131
2026-07-03,2330,觀察股,51.0,64.0,37.0,50.0,50.0,-0.2044989775051125,-5.112474437627812,-3.067484662576687,2.658486707566462
2026-07-03,2105,觀察股,50.8,59.0,22.0,50.0,80.0,2.1772939346811913,3.265940902021786,-5.754276827371689,-4.976671850699838
2026-07-03,5880,觀察股,49.2,40.0,45.0,50.0,71.0,2.0242914979757085,3.2388663967611366,8.906882591093115,5.263157894736845
2026-07-03,1303,觀察股,48.0,35.0,45.0,50.0,74.0,1.2690355329949239,-5.32994923857868,-16.243654822335024,28.934010152284262
2026-07-03,1326,觀察股,46.0,49.0,30.0,50.0,62.0,-4.411764705882353,-5.588235294117643,-17.20588235294118,-0.4411764705882311
2026-07-03,8046,觀察股,45.7,35.0,37.0,50.0,74.0,7.172995780590717,-6.751054852320674,-19.57805907172996,19.831223628691983
2026-07-03,2382,觀察股,45.6,47.0,23.0,50.0,74.0,0.2652519893899204,-16.180371352785148,-21.352785145888596,-11.405835543766578
2026-07-03,2360,觀察股,44.2,47.0,30.0,50.0,56.0,-18.322295805739515,-18.984547461368653,-13.46578366445916,-8.167770419426049
2026-07-03,2353,觀察股,43.2,41.0,30.0,50.0,62.0,-2.8875379939209704,-11.094224924012154,-12.462006079027349,-3.191489361702119
2026-07-03,4938,觀察股,42.8,27.0,45.0,50.0,62.0,-1.1961722488038278,-4.3062200956937735,3.588516746411483,7.8947368421052735
2026-07-03,3034,觀察股,42.0,40.0,37.0,50.0,47.0,-13.104089219330856,-14.869888475836431,-3.5315985130111525,1.6728624535315983
2026-07-03,2327,觀察股,41.7,40.0,30.0,50.0,56.0,-21.913875598086126,-39.71291866028708,-47.177033492822964,-42.39234449760765
2026-07-03,2892,觀察股,40.5,40.0,30.0,50.0,50.0,3.8580246913580254,4.783950617283964,10.956790123456804,19.444444444444457
2026-07-03,2379,觀察股,40.5,40.0,30.0,50.0,50.0,-3.4482758620689653,-9.450830140485312,-10.089399744572159,-2.681992337164751
2026-07-03,1301,觀察股,40.4,49.0,15.0,50.0,56.0,-3.0595813204508833,-2.4154589371980677,-13.36553945249598,7.568438003220606
2026-07-06,2609,強力候選,61.1,74.0,45.0,50.0,71.0,-9.433962264150944,-3.962264150943399,-3.7735849056603774,10.94339622641509
2026-07-06,2345,強力候選,58.2,64.0,45.0,50.0,74.0,-13.799621928166353,-16.068052930056712,-12.287334593572778,-28.166351606805296
2026-07-06,3017,觀察股,54.4,60.0,37.0,50.0,74.0,-20.59925093632959,-13.108614232209737,-2.6217228464419478,31.46067415730337
2026-07-06,2354,觀察股,54.2,51.0,45.0,50.0,77.0,-4.62328767123287,-5.479452054794513,-4.109589041095888,13.356164383561653
2026-07-06,2395,觀察股,52.3,60.0,30.0,50.0,74.0,2.7184466019417477,10.097087378640776,11.844660194174757,40.3883495145631
2026-07-06,1590,觀察股,52.0,60.0,37.0,50.0,62.0,-6.859205776173286,-1.8050541516245486,2.888086642599278,-14.440433212996389
2026-07-06,3711,觀察股,52.0,60.0,45.0,50.0,50.0,-5.596465390279824,-6.774668630338733,-13.843888070692195,4.565537555228277
2026-07-06,2301,觀察股,51.6,52.0,45.0,50.0,62.0,-5.133928571428571,-7.5892857142857135,12.5,27.00892857142857
2026-07-06,6669,觀察股,51.0,64.0,37.0,50.0,50.0,-2.5819265143992056,-0.6951340615690168,23.23733862959285,-58.09334657398213
2026-07-06,2330,觀察股,51.0,64.0,37.0,50.0,50.0,-1.6260162601626018,-2.0325203252032518,-5.691056910569105,2.0325203252032518
2026-07-06,6505,觀察股,50.1,64.0,30.0,50.0,56.0,11.260504201680677,43.52941176470589,14.621848739495801,58.31932773109244
2026-07-06,8046,觀察股,49.6,60.0,37.0,50.0,50.0,20.0,10.69767441860465,-2.7906976744186047,32.093023255813954
2026-07-06,5880,觀察股,49.2,40.0,45.0,50.0,71.0,1.4084507042253436,3.4205231388329893,6.841046277665992,4.62776659959758
2026-07-06,2105,觀察股,49.0,54.0,22.0,50.0,80.0,0.30721966205837614,-0.9216589861751066,-6.451612903225801,-6.144393241167425
2026-07-06,2615,觀察股,48.8,37.0,45.0,50.0,74.0,-0.7499999999999929,6.500000000000003,7.624999999999993,40.625
2026-07-06,1301,觀察股,47.7,64.0,22.0,50.0,56.0,5.298013245033117,4.304635761589407,-8.443708609271527,10.596026490066222
2026-07-06,4938,觀察股,46.4,37.0,45.0,50.0,62.0,-2.8402366863905395,-2.011834319526631,4.615384615384622,6.745562130177518
2026-07-06,2891,觀察股,46.1,56.0,30.0,50.0,50.0,-8.963585434173677,-12.184873949579835,-9.243697478991608,-4.901960784313726
2026-07-06,2382,觀察股,46.1,62.0,23.0,50.0,50.0,0.5291005291005291,-14.285714285714285,-20.502645502645503,-11.64021164021164
2026-07-06,2885,觀察股,46.1,56.0,30.0,50.0,50.0,-2.4853801169590684,-10.38011695906434,0.877192982456132,-1.461988304093567
2026-07-06,1303,觀察股,46.0,35.0,38.0,50.0,74.0,13.513513513513514,5.675675675675676,-7.837837837837839,37.2972972972973
2026-07-06,2884,觀察股,45.1,41.0,30.0,50.0,71.0,0.14513788098692934,7.256894049346879,10.30478955007256,31.640058055152387
2026-07-06,3034,觀察股,45.0,40.0,45.0,50.0,50.0,-13.011152416356877,-11.524163568773234,-2.6022304832713754,1.6728624535315983
2026-07-06,2303,觀察股,44.1,40.0,38.0,50.0,56.0,-9.036144578313253,-18.97590361445783,-28.614457831325304,-2.710843373493976
2026-07-06,2892,觀察股,43.3,48.0,30.0,50.0,50.0,1.5128593040847202,4.236006051437234,6.80786686838124,17.09531013615736
2026-07-06,3036,觀察股,42.6,39.0,30.0,50.0,62.0,-7.077625570776255,-10.50228310502283,-2.968036529680365,-2.968036529680365
2026-07-06,6415,觀察股,42.5,56.0,30.0,50.0,32.0,-20.403225806451612,-25.564516129032256,-31.61290322580645,-33.387096774193544
2026-07-06,2327,觀察股,41.7,40.0,30.0,50.0,56.0,-22.587064676616915,-33.33333333333333,-43.68159203980099,-40.09950248756219
2026-07-06,2379,觀察股,40.5,40.0,30.0,50.0,50.0,-1.950585175552666,-2.080624187256177,-5.981794538361508,-0.9102730819245773
2026-07-06,2207,觀察股,40.2,41.0,30.0,50.0,47.0,0.7345225603357817,3.2528856243441764,8.499475341028331,8.0797481636936
2026-07-07,2105,強力候選,56.0,74.0,22.0,50.0,80.0,1.232665639445296,-3.69799691833591,-6.009244992295848,-5.855161787365184
2026-07-07,2395,強力候選,55.8,64.0,37.0,50.0,74.0,7.351460221550855,20.040281973816718,27.492447129909365,45.61933534743202
2026-07-07,2885,觀察股,54.2,62.0,30.0,50.0,80.0,-4.011461318051572,-9.598853868194837,-0.5730659025787844,-3.438395415472767
2026-07-07,5880,觀察股,53.2,48.0,45.0,50.0,77.0,1.807228915662662,2.610441767068282,6.827309236947802,4.41767068273093
2026-07-07,1590,觀察股,52.0,60.0,37.0,50.0,62.0,-1.0869565217391304,3.6231884057971016,9.420289855072465,-14.130434782608695
2026-07-07,3711,觀察股,52.0,60.0,45.0,50.0,50.0,4.915514592933948,0.7680491551459293,-8.90937019969278,9.062980030721967
2026-07-07,3017,觀察股,51.6,45.0,45.0,50.0,74.0,-11.63265306122449,-7.551020408163265,11.428571428571429,43.26530612244898
2026-07-07,6669,觀察股,51.0,64.0,37.0,50.0,50.0,1.5952143569292123,9.67098703888335,23.13060817547358,-57.926221335992025
2026-07-07,2609,觀察股,51.0,59.0,45.0,50.0,47.0,-1.76125244618395,0.5870841487279788,-0.9784735812133072,15.068493150684922
2026-07-07,2354,觀察股,50.6,44.0,45.0,50.0,71.0,-0.8787346221441126,-1.405975395430575,-2.4604569420035123,16.3444639718805
2026-07-07,2345,觀察股,50.2,55.0,45.0,50.0,50.0,-4.684317718940937,-6.924643584521386,-2.8513238289205702,-22.606924643584524
2026-07-07,8046,觀察股,49.6,60.0,37.0,50.0,50.0,37.37864077669903,26.699029126213592,2.912621359223301,37.86407766990291
2026-07-07,6505,觀察股,48.7,60.0,30.0,50.0,56.0,25.51724137931034,46.72413793103447,16.551724137931025,62.41379310344828
2026-07-07,1326,觀察股,48.3,64.0,30.0,50.0,47.0,11.848341232227488,11.532385466034752,-7.42496050552922,6.951026856240136
2026-07-07,1301,觀察股,46.3,60.0,22.0,50.0,56.0,14.659685863874355,10.820244328097736,-2.268760907504358,16.57940663176265
2026-07-07,2892,觀察股,46.1,56.0,30.0,50.0,50.0,-0.6006006006005878,3.303303303303308,7.807807807807812,16.216216216216235
2026-07-07,1303,觀察股,46.0,35.0,38.0,50.0,74.0,36.63663663663664,24.924924924924923,6.306306306306306,52.552552552552555
2026-07-07,2301,觀察股,45.8,39.0,45.0,50.0,56.0,1.4084507042253522,2.3474178403755865,16.901408450704224,33.568075117370896
2026-07-07,2303,觀察股,45.3,40.0,38.0,50.0,62.0,7.096774193548387,-10.32258064516129,-21.29032258064516,4.193548387096775
2026-07-07,3034,觀察股,45.0,40.0,45.0,50.0,50.0,-11.11111111111111,-5.649717514124294,3.5781544256120528,3.0131826741996233
2026-07-07,2884,觀察股,44.8,37.0,30.0,50.0,77.0,-0.14492753623187582,4.492753623188397,10.434782608695656,31.449275362318847
2026-07-07,2382,觀察股,44.7,52.0,30.0,50.0,50.0,2.1447721179624666,-11.796246648793565,-18.498659517426276,-10.455764075067025
2026-07-07,2330,觀察股,44.0,44.0,37.0,50.0,50.0,0.0,-1.639344262295082,-1.4344262295081966,2.8688524590163933
2026-07-07,2883,觀察股,42.2,51.0,15.0,50.0,62.0,0.16611295681062177,1.1627906976744116,4.983388704318937,22.591362126245837
2026-07-07,2886,觀察股,41.6,56.0,15.0,50.0,50.0,-1.7094017094017033,2.991452991453004,9.401709401709414,4.38034188034189
2026-07-07,3036,觀察股,41.4,39.0,30.0,50.0,56.0,-6.5420560747663545,-7.710280373831775,5.14018691588785,-0.7009345794392523
2026-07-07,2615,觀察股,41.0,15.0,45.0,50.0,74.0,6.1038961038961075,10.519480519480512,10.909090909090917,46.103896103896105
2026-07-07,2379,觀察股,40.5,40.0,30.0,50.0,50.0,-2.9639175257731956,-4.252577319587629,-3.221649484536082,-1.804123711340206
2026-07-07,2882,觀察股,40.4,33.0,30.0,50.0,62.0,-0.41237113402062436,-0.20618556701031218,3.608247422680412,13.917525773195877
2026-07-07,2327,觀察股,40.0,35.0,30.0,50.0,56.0,-11.823204419889503,-22.320441988950275,-36.13259668508287,-33.48066298342541
2026-07-07,4938,觀察股,40.0,19.0,45.0,50.0,62.0,0.4860267314702378,2.5516403402187224,8.748481166464158,9.599027946537067
2026-07-08,2354,強力候選,61.1,74.0,45.0,50.0,71.0,-2.590673575129534,-1.5544041450777177,5.354058721934372,14.335060449050093
2026-07-08,2609,強力候選,59.4,69.0,45.0,50.0,71.0,-4.0152963671128,-3.4416826003824035,-3.6328871892925405,12.4282982791587
2026-07-08,2892,強力候選,58.4,74.0,30.0,50.0,80.0,-0.43988269794720986,0.14662756598239635,4.105571847507327,13.489736070381236
2026-07-08,2395,強力候選,57.3,70.0,37.0,50.0,71.0,-2.93040293040293,9.89010989010989,13.91941391941392,32.417582417582416
2026-07-08,6505,強力候選,55.7,68.0,30.0,50.0,77.0,34.680134680134685,56.90235690235691,12.962962962962957,58.585858585858595
2026-07-08,5880,觀察股,54.6,52.0,45.0,50.0,77.0,1.5936254980079625,1.9920318725099602,3.9840637450199203,3.5856573705179224
2026-07-08,2207,觀察股,54.0,63.0,30.0,50.0,77.0,2.6014568158168574,2.3933402705515086,7.388137356919875,7.1800208116545265
2026-07-08,2885,觀察股,53.7,64.0,30.0,50.0,74.0,-6.713286713286709,-11.468531468531472,-6.153846153846162,-5.734265734265726
2026-07-08,6669,觀察股,53.4,64.0,45.0,50.0,50.0,1.2871287128712872,8.316831683168317,24.059405940594058,-58.21782178217821
2026-07-08,2884,觀察股,51.6,47.0,37.0,57.5,77.0,0.43165467625898873,2.5899280575539527,9.208633093525188,30.50359712230216
2026-07-08,3034,觀察股,50.6,56.0,45.0,50.0,50.0,-13.32720588235294,-7.536764705882352,-0.1838235294117647,0.5514705882352942
2026-07-08,8046,觀察股,49.6,60.0,37.0,50.0,50.0,15.384615384615385,11.312217194570136,0.0,28.50678733031674
2026-07-08,2603,觀察股,49.4,39.0,45.0,50.0,74.0,2.0408163265306123,3.826530612244898,4.081632653061225,21.428571428571427
2026-07-08,1590,觀察股,48.6,45.0,37.0,50.0,71.0,0.37174721189591076,4.4609665427509295,15.985130111524162,-11.895910780669144
2026-07-08,3017,觀察股,47.9,45.0,45.0,62.0,47.0,-4.301075268817205,4.946236559139785,26.451612903225808,50.967741935483865
2026-07-08,2891,觀察股,47.8,61.0,30.0,50.0,50.0,-11.640953716690039,-10.939691444600278,-9.396914446002809,-4.768583450210366
2026-07-08,1326,觀察股,47.5,60.0,30.0,50.0,50.0,6.4914992272024765,10.819165378670787,-10.200927357032459,4.63678516228748
2026-07-08,2615,觀察股,47.3,33.0,45.0,50.0,74.0,1.6372795969773264,6.423173803526441,6.171284634760694,41.68765743073047
2026-07-08,2330,觀察股,46.8,52.0,37.0,50.0,50.0,0.2028397565922921,-2.434077079107505,-4.056795131845842,1.8255578093306288
2026-07-08,2379,觀察股,46.1,56.0,30.0,50.0,50.0,-12.851897184822523,-8.812729498164016,-8.935128518971847,-6.731946144430845
2026-07-08,2303,觀察股,45.3,40.0,38.0,50.0,62.0,-1.8404907975460123,-15.030674846625766,-25.4601226993865,-0.9202453987730062
2026-07-08,2382,觀察股,44.7,52.0,30.0,50.0,50.0,-6.631299734748011,-10.875331564986737,-19.893899204244033,-11.405835543766578
2026-07-08,2301,觀察股,44.4,35.0,45.0,50.0,56.0,1.8691588785046727,1.8691588785046727,17.990654205607477,32.94392523364486
2026-07-08,2105,觀察股,43.8,39.0,22.0,50.0,80.0,4.1925465838509135,-3.105590062111812,-3.72670807453417,-5.124223602484478
2026-07-08,2345,觀察股,43.2,35.0,45.0,50.0,50.0,-3.9337474120082816,-3.7267080745341614,-0.2070393374741201,-21.325051759834366
2026-07-08,4938,觀察股,42.8,27.0,45.0,50.0,62.0,-0.7159904534606137,4.057279236276857,5.011933174224347,7.63723150357996
2026-07-08,2353,觀察股,41.8,37.0,30.0,50.0,62.0,-4.798761609907112,-6.656346749226002,-7.120743034055719,-1.393188854489151
2026-07-08,1301,觀察股,41.5,60.0,22.0,50.0,32.0,13.103448275862059,14.137931034482765,-4.999999999999997,15.172413793103443
2026-07-08,3711,觀察股,41.2,35.0,38.0,50.0,50.0,9.120000000000001,3.84,-4.8,13.600000000000001
2026-07-08,1303,觀察股,41.2,35.0,38.0,50.0,50.0,21.428571428571427,8.241758241758241,-1.9230769230769231,39.56043956043956
2026-07-08,2886,觀察股,40.2,52.0,15.0,50.0,50.0,-0.4273504273504183,2.8846153846153877,7.478632478632479,4.38034188034189
2026-07-08,3036,觀察股,40.0,35.0,30.0,50.0,56.0,-6.88836104513064,-1.4251781472684086,10.926365795724466,0.9501187648456058
2026-07-08,6415,觀察股,40.0,35.0,30.0,50.0,56.0,-14.156079854809436,-13.883847549909255,-19.237749546279492,-25.045372050816695
2026-07-09,2609,強力候選,56.8,60.0,45.0,50.0,74.0,-4.651162790697672,-0.19379844961240586,-2.131782945736437,13.953488372093014
2026-07-09,5880,強力候選,56.7,58.0,45.0,50.0,77.0,0.7952286282306277,1.9880715705765408,4.174950298210739,3.379721669980125
2026-07-09,2395,強力候選,55.0,60.0,37.0,50.0,77.0,-5.0,7.592592592592593,17.40740740740741,33.88888888888889
2026-07-09,6505,強力候選,55.0,60.0,37.0,50.0,77.0,38.26530612244898,45.91836734693878,20.7482993197279,60.20408163265307
2026-07-09,2207,觀察股,54.9,64.0,30.0,50.0,80.0,1.993704092339979,3.5676810073452256,8.289611752360965,8.0797481636936
2026-07-09,2354,觀察股,54.1,54.0,45.0,50.0,71.0,-5.263157894736842,0.17543859649123056,8.421052631578943,16.140350877192986
2026-07-09,6669,觀察股,53.4,64.0,45.0,50.0,50.0,-8.333333333333332,13.690476190476192,21.03174603174603,-58.13492063492064
2026-07-09,2892,觀察股,53.1,64.0,30.0,50.0,71.0,1.488095238095238,2.0833333333333206,5.8035714285714155,15.178571428571432
2026-07-09,2615,觀察股,51.0,51.0,38.0,50.0,71.0,-1.1194029850746339,8.208955223880588,5.597014925373134,39.925373134328346
2026-07-09,1326,觀察股,49.6,60.0,37.0,50.0,50.0,10.166666666666657,12.5,-1.8333333333333357,12.833333333333337
2026-07-09,2603,觀察股,48.8,39.0,45.0,50.0,71.0,1.7994858611825193,5.912596401028278,6.683804627249357,22.36503856041131
2026-07-09,2105,觀察股,48.2,39.0,37.0,50.0,80.0,3.7037037037037126,-3.5493827160493785,-3.08641975308642,-5.70987654320987
2026-07-09,3711,觀察股,47.4,53.0,38.0,50.0,50.0,-9.30576070901034,-9.453471196454949,-13.58936484490399,4.874446085672083
2026-07-09,3034,觀察股,46.4,44.0,45.0,50.0,50.0,-15.036900369003689,-6.4575645756457565,0.0,0.9225092250922509
2026-07-09,2885,觀察股,46.1,44.0,30.0,50.0,71.0,-4.831625183016102,-7.613469985358706,-0.87847730600292,-1.3177159590043799
2026-07-09,2884,觀察股,45.7,42.0,37.0,50.0,62.0,1.0071942446043207,3.4532374100719507,9.7841726618705,30.50359712230216
2026-07-09,2408,觀察股,45.6,51.0,30.0,50.0,56.0,-9.184845005740529,-7.921928817451206,4.936854190585533,19.173363949483353
2026-07-09,1303,觀察股,45.4,60.0,23.0,50.0,50.0,9.641873278236915,-2.203856749311295,3.581267217630854,39.94490358126722
2026-07-09,2883,觀察股,44.9,62.0,15.0,50.0,56.0,-0.16638935108153316,1.9966722129783625,2.6622296173044946,22.79534109816971
2026-07-09,2379,觀察股,44.7,52.0,30.0,50.0,50.0,-14.523809523809526,-11.428571428571429,-10.714285714285714,-9.285714285714286
2026-07-09,2301,觀察股,44.4,35.0,45.0,50.0,56.0,-7.962529274004685,0.468384074941452,15.690866510538642,33.25526932084309
2026-07-09,2345,觀察股,43.2,35.0,45.0,50.0,50.0,-15.384615384615385,-10.121457489878543,-10.323886639676113,-23.076923076923077
2026-07-09,2330,觀察股,43.1,40.0,37.0,57.5,47.0,-5.175983436853002,-2.691511387163561,-1.8633540372670807,3.9337474120082816
2026-07-09,2303,觀察股,42.4,35.0,38.0,50.0,56.0,-7.6923076923076925,-17.94871794871795,-25.64102564102564,3.5256410256410255
2026-07-09,2886,觀察股,42.2,44.0,15.0,50.0,74.0,1.9271948608137013,3.747323340471092,8.99357601713061,4.603854389721624
2026-07-09,2353,觀察股,41.8,37.0,30.0,50.0,62.0,-8.923076923076918,-7.5384615384615365,-6.923076923076923,-1.9999999999999956
2026-07-09,4938,觀察股,41.6,27.0,45.0,50.0,56.0,-0.6045949214026602,6.89238210399033,5.3204353083433995,9.068923821039903
2026-07-09,1590,觀察股,41.6,25.0,37.0,50.0,71.0,-1.171875,11.328125,20.703125,-7.421875
2026-07-09,8046,觀察股,40.8,35.0,37.0,50.0,50.0,-5.349794238683128,-8.641975308641975,-11.11111111111111,16.872427983539097
2026-07-09,2382,觀察股,40.5,40.0,30.0,50.0,50.0,-12.851405622489958,-12.182061579651942,-20.214190093708165,-10.575635876840696
2026-07-10,5880,強力候選,56.7,58.0,45.0,50.0,77.0,0.7952286282306277,1.9880715705765408,4.174950298210739,3.379721669980125
2026-07-10,6505,強力候選,55.0,60.0,37.0,50.0,77.0,38.26530612244898,45.91836734693878,20.7482993197279,60.20408163265307
2026-07-10,2207,觀察股,54.9,64.0,30.0,50.0,80.0,1.993704092339979,3.5676810073452256,8.289611752360965,8.0797481636936
2026-07-10,2609,觀察股,54.7,60.0,38.0,50.0,74.0,-4.651162790697672,-0.19379844961240586,-2.131782945736437,13.953488372093014
2026-07-10,2395,觀察股,54.4,60.0,30.0,60.0,77.0,-5.0,7.592592592592593,17.40740740740741,33.88888888888889
2026-07-10,2354,觀察股,54.1,54.0,45.0,50.0,71.0,-5.263157894736842,0.17543859649123056,8.421052631578943,16.140350877192986
2026-07-10,6669,觀察股,53.4,64.0,45.0,50.0,50.0,-8.333333333333332,13.690476190476192,21.03174603174603,-58.13492063492064
2026-07-10,2892,觀察股,53.1,64.0,30.0,50.0,71.0,1.488095238095238,2.0833333333333206,5.8035714285714155,15.178571428571432
2026-07-10,1326,觀察股,52.0,60.0,37.0,70.0,47.0,10.166666666666657,12.5,-1.8333333333333357,12.833333333333337
2026-07-10,2615,觀察股,51.0,51.0,38.0,50.0,71.0,-1.1194029850746339,8.208955223880588,5.597014925373134,39.925373134328346
2026-07-10,1303,觀察股,49.3,60.0,23.0,76.0,50.0,9.641873278236915,-2.203856749311295,3.581267217630854,39.94490358126722
2026-07-10,2603,觀察股,48.8,39.0,45.0,50.0,71.0,1.7994858611825193,5.912596401028278,6.683804627249357,22.36503856041131
2026-07-10,2105,觀察股,48.2,39.0,37.0,50.0,80.0,3.7037037037037126,-3.5493827160493785,-3.08641975308642,-5.70987654320987
2026-07-10,3711,觀察股,47.4,53.0,38.0,50.0,50.0,-9.30576070901034,-9.453471196454949,-13.58936484490399,4.874446085672083
2026-07-10,3034,觀察股,46.4,44.0,45.0,50.0,50.0,-15.036900369003689,-6.4575645756457565,0.0,0.9225092250922509
2026-07-10,2885,觀察股,46.1,44.0,30.0,50.0,71.0,-4.831625183016102,-7.613469985358706,-0.87847730600292,-1.3177159590043799
2026-07-10,2884,觀察股,45.7,42.0,37.0,50.0,62.0,1.0071942446043207,3.4532374100719507,9.7841726618705,30.50359712230216
2026-07-10,2408,觀察股,45.6,51.0,30.0,50.0,56.0,-9.184845005740529,-7.921928817451206,4.936854190585533,19.173363949483353
2026-07-10,2883,觀察股,44.9,62.0,15.0,50.0,56.0,-0.16638935108153316,1.9966722129783625,2.6622296173044946,22.79534109816971
2026-07-10,2379,觀察股,44.7,52.0,30.0,50.0,50.0,-14.523809523809526,-11.428571428571429,-10.714285714285714,-9.285714285714286
2026-07-10,2301,觀察股,44.4,35.0,45.0,50.0,56.0,-7.962529274004685,0.468384074941452,15.690866510538642,33.25526932084309
2026-07-10,2345,觀察股,43.2,35.0,45.0,50.0,50.0,-15.384615384615385,-10.121457489878543,-10.323886639676113,-23.076923076923077
2026-07-10,2330,觀察股,42.6,40.0,37.0,50.0,50.0,-5.175983436853002,-2.691511387163561,-1.8633540372670807,3.9337474120082816
2026-07-10,2303,觀察股,42.4,35.0,38.0,50.0,56.0,-7.6923076923076925,-17.94871794871795,-25.64102564102564,3.5256410256410255
2026-07-10,2886,觀察股,42.2,44.0,15.0,50.0,74.0,1.9271948608137013,3.747323340471092,8.99357601713061,4.603854389721624
2026-07-10,2353,觀察股,41.8,37.0,30.0,50.0,62.0,-8.923076923076918,-7.5384615384615365,-6.923076923076923,-1.9999999999999956
2026-07-10,1590,觀察股,41.6,25.0,37.0,50.0,71.0,-1.171875,11.328125,20.703125,-7.421875
2026-07-10,8046,觀察股,40.8,35.0,37.0,50.0,50.0,-5.349794238683128,-8.641975308641975,-11.11111111111111,16.872427983539097
2026-07-10,2382,觀察股,40.5,40.0,30.0,50.0,50.0,-12.851405622489958,-12.182061579651942,-20.214190093708165,-10.575635876840696
2026-07-10,1301,觀察股,40.5,60.0,15.0,57.5,32.0,14.598540145985403,14.416058394160594,1.8248175182481754,21.897810218978105
2026-07-10,2337,觀察股,40.3,38.0,30.0,57.5,47.0,-12.89198606271777,-13.588850174216027,-15.33101045296167,-15.6794425087108
2026-07-13,6505,強力候選,61.3,78.0,37.0,50.0,77.0,23.1378763866878,23.454833597464347,9.35023771790808,49.28684627575278
2026-07-13,2301,觀察股,53.6,61.0,45.0,50.0,56.0,-12.837837837837837,-4.504504504504505,22.2972972972973,28.153153153153156
2026-07-13,5880,觀察股,53.2,48.0,45.0,50.0,77.0,1.1904761904761934,2.9761904761904763,3.57142857142858,3.174603174603177
2026-07-13,2892,觀察股,53.1,64.0,30.0,50.0,71.0,0.8915304606240841,3.4175334323922697,3.8632986627043215,15.007429420505215
2026-07-13,2395,觀察股,51.7,60.0,30.0,50.0,71.0,-3.731343283582089,7.649253731343284,24.44029850746269,34.88805970149254
2026-07-13,2207,觀察股,51.4,54.0,30.0,50.0,80.0,3.1578947368421053,4.842105263157895,8.210526315789474,8.421052631578947
2026-07-13,2603,觀察股,50.6,49.0,45.0,50.0,62.0,0.5128205128205128,4.358974358974359,9.743589743589745,22.05128205128205
2026-07-13,2354,觀察股,49.4,49.0,45.0,50.0,56.0,-4.593639575971734,-0.7067137809187254,11.484098939929329,16.96113074204947
2026-07-13,1326,觀察股,49.0,60.0,37.0,50.0,47.0,-1.2307692307692264,0.0,-9.538461538461544,4.153846153846158
2026-07-13,6669,觀察股,48.5,50.0,45.0,50.0,50.0,-5.544354838709677,15.826612903225806,21.16935483870968,-57.45967741935484
2026-07-13,1303,觀察股,48.2,68.0,23.0,50.0,50.0,-6.516290726817042,-12.781954887218044,-7.268170426065162,27.31829573934837
2026-07-13,2886,觀察股,46.2,52.0,15.0,50.0,80.0,2.553191489361708,5.106382978723401,8.51063829787234,3.93617021276596
2026-07-13,2105,觀察股,46.2,35.0,37.0,50.0,77.0,1.0654490106544945,-6.240487062404872,-3.5007610350076166,-7.001522070015223
2026-07-13,3711,觀察股,45.0,40.0,45.0,50.0,50.0,-10.895522388059701,-9.253731343283581,-5.970149253731343,5.970149253731343
2026-07-13,2330,觀察股,45.0,40.0,45.0,50.0,50.0,-4.918032786885246,-3.6885245901639343,-2.459016393442623,2.8688524590163933
2026-07-13,2884,觀察股,43.9,37.0,37.0,50.0,62.0,3.61271676300578,5.202312138728315,9.248554913294784,31.069364161849713
2026-07-13,2357,觀察股,43.9,37.0,37.0,50.0,62.0,-2.272727272727273,7.954545454545454,16.193181818181817,37.07386363636363
2026-07-13,8046,觀察股,43.6,43.0,37.0,50.0,50.0,-12.992125984251967,-15.354330708661418,-11.023622047244094,11.811023622047244
2026-07-13,2382,觀察股,43.3,48.0,30.0,50.0,50.0,-16.402116402116402,-14.814814814814813,-17.063492063492063,-11.64021164021164
2026-07-13,2615,觀察股,43.2,23.0,45.0,50.0,71.0,1.6414141414141377,6.060606060606057,10.479797979797976,42.04545454545454
2026-07-13,2891,觀察股,40.0,25.0,30.0,50.0,74.0,-7.518796992481203,-5.263157894736842,0.0,2.1052631578947456
2026-07-14,2207,強力候選,57.0,64.0,37.0,50.0,80.0,2.5,4.166666666666666,6.458333333333334,7.291666666666667
2026-07-14,2603,強力候選,55.8,64.0,45.0,50.0,62.0,4.370179948586118,2.827763496143959,12.082262210796916,22.36503856041131
2026-07-14,2395,觀察股,51.7,60.0,30.0,50.0,71.0,7.183364839319471,5.103969754253308,24.95274102079395,36.672967863894144
2026-07-14,5880,觀察股,50.4,40.0,45.0,50.0,77.0,1.984126984126984,2.9761904761904763,-4.761904761904759,3.174603174603177
2026-07-14,6505,觀察股,49.7,45.0,37.0,50.0,77.0,29.003021148036257,12.688821752265847,7.401812688821739,42.296072507552864
2026-07-14,1326,觀察股,49.0,60.0,37.0,50.0,47.0,2.3880597014925287,-9.1044776119403,-13.134328358208952,1.0447761194029892
2026-07-14,6669,觀察股,48.5,50.0,45.0,50.0,50.0,1.9367991845056065,8.35881753312946,20.897043832823652,-56.98267074413863
2026-07-14,2884,觀察股,47.6,37.0,37.0,50.0,80.0,7.101449275362327,5.072463768115942,6.956521739130431,31.449275362318847
2026-07-14,1301,觀察股,47.0,68.0,15.0,50.0,56.0,-0.9433962264150966,-9.591194968553461,-12.578616352201259,5.031446540880497
2026-07-14,2615,觀察股,46.8,33.0,45.0,50.0,71.0,7.304785894206544,5.28967254408059,9.697732997481094,41.68765743073047
2026-07-14,2105,觀察股,46.2,35.0,37.0,50.0,77.0,-1.2251148545176067,-5.972434915773352,-2.603369065849917,-6.431852986217451
2026-07-14,2892,觀察股,46.1,44.0,30.0,50.0,71.0,2.6825633383010605,3.7257824143070053,-2.5335320417287464,15.350223546944877
2026-07-14,2886,觀察股,44.1,40.0,15.0,72.0,74.0,3.404255319148939,5.212765957446814,5.106382978723401,3.93617021276596
2026-07-14,2382,觀察股,43.3,48.0,30.0,50.0,50.0,-14.736842105263156,-17.5,-16.973684210526315,-12.105263157894736
2026-07-14,3711,觀察股,43.2,35.0,45.0,50.0,50.0,-1.24804992199688,-13.57254290171607,-1.87207488299532,10.764430577223088
2026-07-14,2330,觀察股,43.2,35.0,45.0,50.0,50.0,-0.4132231404958678,-5.785123966942149,-1.0330578512396695,3.71900826446281
2026-07-14,2354,觀察股,43.2,45.0,45.0,50.0,32.0,-0.8976660682226212,-3.0520646319569167,12.567324955116696,18.850987432675044
2026-07-14,2408,觀察股,43.0,47.0,30.0,50.0,50.0,-9.598214285714286,-12.388392857142858,9.151785714285714,15.848214285714285
2026-07-14,2376,觀察股,42.2,33.0,30.0,50.0,71.0,2.095808383233533,-2.095808383233533,4.940119760479042,10.32934131736527
2026-07-14,1303,觀察股,42.2,45.0,30.0,50.0,50.0,-6.904761904761905,-25.238095238095237,-9.523809523809524,20.952380952380953
2026-07-14,8046,觀察股,42.2,39.0,37.0,50.0,50.0,-7.751937984496124,-24.34108527131783,-10.852713178294573,10.077519379844961
2026-07-14,2303,觀察股,41.0,25.0,45.0,50.0,56.0,-10.927152317880795,-24.834437086092713,-18.543046357615893,6.95364238410596
2026-07-14,3034,觀察股,41.0,15.0,45.0,50.0,74.0,1.7094017094017095,5.235042735042735,14.957264957264957,16.88034188034188
2026-07-14,2357,觀察股,40.4,27.0,37.0,50.0,62.0,4.694167852062589,4.551920341394026,19.34566145092461,37.26884779516359
2026-07-14,2885,觀察股,40.0,35.0,30.0,62.5,47.0,-8.095952023988014,-4.797601199400304,2.5487256371814135,1.0494752623688197
2026-07-15,2615,強力候選,61.2,83.0,45.0,50.0,56.0,4.16156670746633,4.039167686658503,6.609547123623,37.698898408812724
2026-07-15,2207,強力候選,56.4,64.0,37.0,50.0,77.0,2.5,8.125,5.0,7.291666666666667
2026-07-15,2376,強力候選,55.6,71.0,30.0,50.0,71.0,1.1627906976744187,-6.540697674418605,9.156976744186046,7.122093023255814
2026-07-15,1326,觀察股,52.4,68.0,37.0,50.0,50.0,-0.28248587570621875,-17.372881355932197,-15.819209039548019,-4.37853107344632
2026-07-15,6669,觀察股,52.0,60.0,45.0,50.0,50.0,7.948969578017665,0.7850834151128557,18.253189401373895,-58.58684985279686
2026-07-15,2395,觀察股,51.7,60.0,30.0,50.0,71.0,11.819887429643527,3.189493433395872,28.705440900562852,35.647279549718576
2026-07-15,2303,觀察股,51.6,51.0,45.0,60.0,56.0,-16.265060240963855,-38.25301204819277,-25.903614457831324,-2.710843373493976
2026-07-15,2603,觀察股,50.9,50.0,45.0,50.0,62.0,3.258145363408521,1.0025062656641603,7.518796992481203,19.298245614035086
2026-07-15,1301,觀察股,50.3,74.0,15.0,50.0,62.0,-3.348554033485544,-14.45966514459665,-14.45966514459665,1.6742770167427614
2026-07-15,1590,觀察股,49.8,41.0,37.0,60.0,77.0,4.761904761904762,-2.93040293040293,16.84981684981685,-13.186813186813188
2026-07-15,6505,觀察股,49.7,45.0,37.0,50.0,77.0,16.89560439560439,2.7472527472527473,-3.5714285714285636,29.3956043956044
2026-07-15,3711,觀察股,49.6,53.0,45.0,50.0,50.0,-3.953147877013177,-26.939970717423133,-9.077598828696926,3.953147877013177
2026-07-15,2330,觀察股,48.9,53.0,45.0,50.0,47.0,-1.639344262295082,-9.836065573770492,-1.0245901639344261,2.8688524590163933
2026-07-15,2354,觀察股,48.0,45.0,45.0,50.0,56.0,-0.5319148936170163,-6.028368794326239,11.70212765957447,17.375886524822704
2026-07-15,5880,觀察股,46.5,45.0,30.0,62.5,62.0,0.7889546351084784,2.9585798816568047,-4.930966469428007,2.5641025641025585
2026-07-15,2105,觀察股,46.2,35.0,37.0,50.0,77.0,-4.870624048706245,-7.4581430745814385,-2.28310502283105,-7.001522070015223
2026-07-15,2382,觀察股,46.1,56.0,30.0,50.0,50.0,-13.648293963254593,-18.766404199475065,-14.566929133858267,-12.335958005249344
2026-07-15,2883,觀察股,44.4,57.0,15.0,50.0,62.0,0.9950248756218929,-3.316749585406302,3.4825870646766193,22.388059701492537
2026-07-15,8046,觀察股,44.3,45.0,37.0,50.0,50.0,-7.773851590106007,-37.879858657243815,-10.60070671378092,0.35335689045936397
2026-07-15,2884,觀察股,44.2,29.0,37.0,50.0,77.0,4.644412191581986,5.950653120464432,6.676342525399121,31.640058055152387
2026-07-15,2357,觀察股,43.9,37.0,37.0,50.0,62.0,6.320224719101124,6.882022471910113,19.662921348314608,35.53370786516854
2026-07-15,2301,觀察股,43.8,33.0,45.0,50.0,56.0,0.9259259259259258,-14.351851851851851,20.13888888888889,31.712962962962965
2026-07-15,2892,觀察股,43.5,40.0,22.0,50.0,77.0,3.927492447129901,5.135951661631407,0.15105740181268024,16.918429003021153
2026-07-15,1303,觀察股,42.2,45.0,30.0,50.0,50.0,-8.571428571428571,-37.8021978021978,-16.923076923076923,11.648351648351648
2026-07-15,3034,觀察股,41.6,15.0,45.0,50.0,77.0,6.1440677966101696,6.991525423728813,13.771186440677965,15.889830508474576
2026-07-15,2408,觀察股,41.2,42.0,30.0,50.0,50.0,-7.380457380457381,-26.507276507276504,0.31185031185031187,7.900207900207901
2026-07-15,2317,觀察股,40.2,27.0,30.0,50.0,71.0,5.230125523012552,-0.8368200836820083,12.97071129707113,6.2761506276150625
2026-07-16,2207,強力候選,56.4,64.0,37.0,50.0,77.0,-0.2028397565922921,11.76470588235294,6.288032454361055,4.462474645030426
2026-07-16,2615,觀察股,54.6,64.0,45.0,50.0,56.0,4.708798017348199,4.58488228004957,8.426270136307307,39.40520446096654
2026-07-16,6669,觀察股,52.0,60.0,45.0,50.0,50.0,6.940371456500488,-4.203323558162268,18.670576735092865,-58.748778103616814
2026-07-16,2395,觀察股,51.7,60.0,30.0,50.0,71.0,13.20754716981132,3.207547169811321,31.69811320754717,36.41509433962264
2026-07-16,8046,觀察股,51.0,64.0,37.0,50.0,50.0,-3.5294117647058822,-34.35294117647059,-4.705882352941177,11.372549019607844
2026-07-16,2603,觀察股,50.9,50.0,45.0,50.0,62.0,1.7500000000000002,0.5,7.75,19.0
2026-07-16,3711,觀察股,50.6,56.0,45.0,50.0,50.0,-4.838709677419355,-25.95307917888563,-8.211143695014663,4.105571847507331
2026-07-16,2884,觀察股,50.4,47.0,37.0,50.0,77.0,2.1489971346704873,8.022922636103164,6.876790830945555,29.942693409742127
2026-07-16,2301,觀察股,50.0,51.0,45.0,50.0,56.0,0.0,-12.844036697247708,23.623853211009173,30.504587155963304
2026-07-16,2330,觀察股,50.0,56.0,45.0,50.0,47.0,-2.631578947368421,-10.728744939271255,-1.417004048582996,1.6194331983805668
2026-07-16,5880,觀察股,49.9,60.0,30.0,50.0,62.0,0.3921568627451036,5.88235294117647,-5.098039215686277,1.9607843137254901
2026-07-16,6505,觀察股,49.7,45.0,37.0,50.0,77.0,16.500000000000004,-10.500000000000007,-12.750000000000004,17.750000000000004
2026-07-16,2892,觀察股,49.1,56.0,22.0,50.0,77.0,0.5891016200294424,4.565537555228269,-2.356406480117833,13.991163475699556
2026-07-16,2357,觀察股,48.2,49.0,37.0,50.0,62.0,7.5524475524475525,3.076923076923077,31.04895104895105,34.96503496503497
2026-07-16,1326,觀察股,47.4,64.0,37.0,50.0,32.0,4.063860667634248,-18.142235123367207,-13.64296081277214,-1.7416545718432552
2026-07-16,2354,觀察股,47.4,35.0,45.0,50.0,71.0,1.0638297872340452,-5.851063829787229,11.347517730496453,17.375886524822704
2026-07-16,1301,觀察股,46.8,64.0,15.0,50.0,62.0,0.9146341463414766,-17.682926829268286,-12.347560975609749,1.8292682926829311
2026-07-16,1590,觀察股,44.0,27.0,37.0,50.0,80.0,4.074074074074074,-0.7407407407407408,8.88888888888889,-12.222222222222221
2026-07-16,2105,觀察股,43.2,35.0,37.0,50.0,62.0,-7.004470938897163,-8.9418777943368,-8.494783904619965,-8.9418777943368
2026-07-16,2408,觀察股,43.0,49.0,30.0,50.0,47.0,-2.9612756264236904,-25.28473804100228,17.084282460136674,18.223234624145785
2026-07-16,4938,觀察股,41.8,37.0,30.0,50.0,62.0,4.8076923076923075,-3.2451923076923106,13.942307692307685,8.413461538461538
2026-07-16,2308,觀察股,41.8,31.0,45.0,50.0,50.0,-1.3123359580052494,-19.68503937007874,-1.0498687664041995,0.0
2026-07-16,2376,觀察股,41.1,52.0,30.0,50.0,32.0,5.192878338278932,-5.489614243323442,16.765578635014837,9.347181008902076
2026-07-16,2303,觀察股,40.4,37.0,45.0,50.0,32.0,-13.4375,-31.25,-22.1875,0.9375
2026-07-16,2883,觀察股,40.2,52.0,7.0,50.0,62.0,0.98199672667758,-5.237315875613753,3.10965630114566,20.785597381342054
2026-07-17,2884,強力候選,55.7,62.0,37.0,50.0,77.0,2.421652421652426,10.113960113960104,7.264957264957257,29.2022792022792
2026-07-17,1326,觀察股,53.8,60.0,37.0,50.0,71.0,2.118003025718617,-13.16187594553706,-8.472012102874425,2.4205748865355656
2026-07-17,2207,觀察股,53.4,64.0,37.0,50.0,62.0,1.5432098765432098,14.814814814814813,5.761316872427984,5.967078189300412
2026-07-17,2615,觀察股,51.1,54.0,45.0,50.0,56.0,9.433962264150944,6.540880503144658,13.96226415094339,41.509433962264154
2026-07-17,6505,觀察股,50.3,45.0,37.0,50.0,80.0,5.535055350553505,-12.915129151291513,-12.792127921279203,15.867158671586722
2026-07-17,8046,觀察股,49.6,60.0,37.0,50.0,50.0,-3.4782608695652173,-20.0,13.478260869565217,23.47826086956522
2026-07-17,2892,觀察股,48.8,52.0,22.0,57.5,77.0,0.5865102639296063,7.771260997067444,-2.19941348973607,13.489736070381236
2026-07-17,1303,觀察股,47.5,60.0,30.0,50.0,50.0,-10.804020100502512,-19.849246231155778,4.271356783919598,27.63819095477387
2026-07-17,2395,觀察股,46.9,60.0,30.0,50.0,47.0,13.255360623781677,9.746588693957115,33.13840155945419,40.93567251461988
2026-07-17,1301,觀察股,45.6,64.0,15.0,50.0,56.0,-0.1592356687897999,-12.42038216560509,-4.458598726114645,6.369426751592357
2026-07-17,2357,觀察股,44.6,39.0,37.0,50.0,62.0,10.142857142857142,15.714285714285714,42.285714285714285,37.857142857142854
2026-07-17,5880,觀察股,44.2,35.0,30.0,50.0,77.0,1.1834319526627106,8.875739644970414,-4.536489151873775,2.5641025641025585
2026-07-17,6669,觀察股,44.0,25.0,45.0,50.0,71.0,24.025974025974026,16.666666666666664,39.285714285714285,-54.32900432900433
2026-07-17,2105,觀察股,43.2,35.0,37.0,50.0,62.0,-6.994047619047623,-9.375000000000005,-9.52380952380953,-9.077380952380953
2026-07-17,2603,觀察股,42.2,25.0,45.0,50.0,62.0,4.040404040404041,3.0303030303030303,10.606060606060606,20.2020202020202
2026-07-17,2412,觀察股,42.2,27.0,37.0,50.0,71.0,0.7246376811594203,1.0869565217391304,-2.1739130434782608,5.434782608695652
2026-07-17,2886,觀察股,41.3,56.0,0.0,50.0,71.0,1.7857142857142887,11.554621848739496,-0.5252100840336134,2.6260504201680672
2026-07-17,2882,觀察股,40.6,12.0,37.0,86.0,62.0,2.863202545068932,7.635206786850481,7.635206786850481,17.17921527041358
2026-07-17,3045,觀察股,40.4,27.0,37.0,50.0,62.0,2.2522522522522523,1.3513513513513513,-2.7027027027027026,9.90990990990991
2026-07-17,3711,觀察股,40.3,25.0,45.0,57.5,47.0,-0.16286644951140067,-9.609120521172638,0.32573289902280134,15.63517915309446
2026-07-20,2884,強力候選,57.0,64.0,37.0,50.0,80.0,1.5341701534170074,7.252440725244076,5.299860529986049,26.49930264993026
2026-07-20,2615,觀察股,54.6,64.0,45.0,50.0,56.0,4.3478260869565215,6.956521739130428,23.726708074534155,39.75155279503105
2026-07-20,1326,觀察股,53.8,60.0,37.0,50.0,71.0,1.2461059190031107,-12.305295950155772,-7.6323987538940905,5.451713395638629
2026-07-20,2207,觀察股,52.0,60.0,37.0,50.0,62.0,1.6326530612244898,6.530612244897959,5.1020408163265305,5.1020408163265305
2026-07-20,2603,觀察股,50.9,50.0,45.0,50.0,62.0,3.826530612244898,5.86734693877551,18.112244897959183,21.428571428571427
2026-07-20,6505,觀察股,46.8,35.0,37.0,50.0,80.0,0.257400257400261,-12.87001287001287,-8.494208494208506,21.235521235521233
2026-07-20,2892,觀察股,44.3,44.0,22.0,50.0,74.0,2.503681885125167,5.89101620029455,-1.6200294550810137,13.991163475699556
2026-07-20,1301,觀察股,44.2,60.0,15.0,50.0,56.0,1.8151815181518174,-11.221122112211228,-2.4752475247524752,10.231023102310225
2026-07-20,6669,觀察股,44.0,25.0,45.0,50.0,71.0,22.625400213447172,26.467449306296693,41.30202774813234,-54.96264674493063
2026-07-20,2412,觀察股,43.4,27.0,37.0,50.0,77.0,1.079136690647482,0.0,-2.158273381294964,4.676258992805756
2026-07-20,2105,觀察股,43.2,35.0,37.0,50.0,62.0,-7.228915662650608,-8.73493975903615,-7.379518072289165,-7.9819277108433795
2026-07-20,2357,觀察股,43.2,35.0,37.0,50.0,62.0,10.465116279069768,16.13372093023256,36.337209302325576,40.26162790697674
2026-07-20,2882,觀察股,42.6,33.0,37.0,50.0,62.0,4.787234042553192,6.914893617021277,4.361702127659568,17.5531914893617
2026-07-20,2886,觀察股,42.0,58.0,0.0,50.0,71.0,2.4896265560165887,7.05394190871369,-3.3195020746887995,1.3485477178423206
2026-07-20,5880,觀察股,41.2,35.0,30.0,50.0,62.0,1.7647058823529385,5.490196078431367,-2.3529411764705936,1.9607843137254901
2026-07-20,8046,觀察股,40.8,35.0,37.0,50.0,50.0,-2.7149321266968327,-13.755656108597286,17.194570135746606,28.50678733031674
2026-07-20,2395,觀察股,40.5,40.0,30.0,50.0,50.0,11.821705426356589,11.627906976744185,30.620155038759687,40.116279069767444
2026-07-20,1303,觀察股,40.5,40.0,30.0,50.0,50.0,-6.702412868632708,-11.528150134048257,7.506702412868632,36.193029490616624
2026-07-20,3045,觀察股,40.4,27.0,37.0,50.0,62.0,1.3392857142857142,0.0,-0.8928571428571428,8.928571428571429
2026-07-21,2357,強力候選,60.0,83.0,37.0,50.0,62.0,-0.1358695652173913,9.510869565217392,23.641304347826086,31.11413043478261
2026-07-21,2615,強力候選,59.3,74.0,45.0,50.0,62.0,-1.8779342723004795,1.056338028169004,23.239436619718308,32.04225352112676
2026-07-21,6505,觀察股,52.6,53.0,37.0,50.0,77.0,-12.646370023419214,-20.14051522248244,-15.690866510538648,10.30444964871194
2026-07-21,2376,觀察股,51.4,71.0,30.0,50.0,50.0,-4.105571847507331,-2.6392961876832843,2.0527859237536656,8.064516129032258
2026-07-21,2105,觀察股,50.8,60.0,37.0,50.0,56.0,-4.806201550387599,-5.581395348837211,-3.5658914728682127,-5.271317829457362
2026-07-21,2395,觀察股,50.3,68.0,30.0,50.0,50.0,-1.9400352733686066,1.5873015873015872,19.753086419753085,27.513227513227513
2026-07-21,2884,觀察股,50.3,45.0,37.0,50.0,80.0,-1.8944519621109683,2.841677943166433,3.1123139377537172,22.733423545331526
2026-07-21,6669,觀察股,50.2,43.0,45.0,50.0,71.0,6.3,24.099999999999998,28.000000000000004,-57.8
2026-07-21,2892,觀察股,49.2,58.0,22.0,50.0,74.0,1.0159651669085465,2.4673439767779226,-2.1770682148040637,12.336719883889694
2026-07-21,2603,觀察股,48.4,43.0,45.0,50.0,62.0,-1.477832512315271,1.477832512315271,17.24137931034483,17.24137931034483
2026-07-21,2002,觀察股,47.2,59.0,22.0,50.0,62.0,1.0638297872340388,0.2659574468085144,0.7978723404255244,0.7978723404255244
2026-07-21,1326,觀察股,47.2,60.0,37.0,50.0,38.0,-11.224489795918362,-15.160349854227395,-13.41107871720116,-1.311953352769667
2026-07-21,2609,觀察股,46.6,41.0,45.0,50.0,56.0,-0.3929273084479288,0.19646365422397138,10.412573673870343,15.520628683693513
2026-07-21,2317,觀察股,44.8,49.0,30.0,50.0,56.0,-3.2520325203252036,1.6260162601626018,1.2195121951219512,3.2520325203252036
2026-07-21,8046,觀察股,44.3,45.0,37.0,50.0,50.0,-17.983193277310924,-12.184873949579831,4.621848739495799,19.327731092436977
2026-07-21,2412,觀察股,43.4,27.0,37.0,50.0,77.0,1.4388489208633095,-1.7985611510791366,-1.4388489208633095,4.676258992805756
2026-07-21,2207,觀察股,43.2,35.0,37.0,50.0,62.0,1.6260162601626018,5.08130081300813,4.0650406504065035,4.67479674796748
2026-07-21,2330,觀察股,42.6,33.0,45.0,50.0,50.0,-5.394190871369295,-3.7344398340248963,-1.2448132780082988,4.149377593360995
2026-07-21,2882,觀察股,42.6,33.0,37.0,50.0,62.0,-0.4175365344467552,3.549060542797501,3.549060542797501,15.344467640918582
2026-07-21,1301,觀察股,42.4,60.0,15.0,50.0,47.0,-8.73015873015873,-12.222222222222227,-6.50793650793651,6.031746031746027
2026-07-21,2379,觀察股,42.1,41.0,30.0,50.0,56.0,-2.921646746347941,-3.9840637450199203,-6.108897742363878,1.1952191235059761
2026-07-21,4938,觀察股,42.1,41.0,30.0,50.0,56.0,0.48309178743962045,6.7632850241546,9.90338164251208,8.937198067632858
2026-07-21,3711,觀察股,41.9,33.0,45.0,50.0,47.0,-12.480252764612953,-7.5829383886255926,-5.371248025276461,12.164296998420221
2026-07-21,3017,觀察股,41.8,31.0,45.0,50.0,50.0,-3.4482758620689653,12.068965517241379,30.81896551724138,51.293103448275865
2026-07-21,2345,觀察股,41.8,31.0,45.0,50.0,50.0,-8.108108108108109,4.504504504504505,0.22522522522522523,-14.414414414414415
2026-07-21,2308,觀察股,41.8,31.0,45.0,50.0,50.0,-13.896457765667575,-11.716621253405995,-0.8174386920980926,3.8147138964577656
2026-07-21,1590,觀察股,41.6,37.0,37.0,50.0,50.0,0.3676470588235294,4.779411764705882,8.823529411764707,-12.867647058823529
2026-07-21,5880,觀察股,41.2,35.0,30.0,50.0,62.0,0.9727626459143969,3.307392996108955,-2.9182879377431905,1.167315175097279
2026-07-21,3036,觀察股,41.0,38.0,30.0,50.0,56.0,-2.806122448979592,8.418367346938775,3.061224489795918,8.418367346938775
2026-07-21,1303,觀察股,40.5,40.0,30.0,50.0,50.0,-19.69309462915601,-12.787723785166241,2.3017902813299234,29.923273657289002
2026-07-21,3045,觀察股,40.4,27.0,37.0,50.0,62.0,1.7857142857142856,-0.8928571428571428,-0.8928571428571428,8.928571428571429
2026-07-22,6669,強力候選,63.1,78.0,45.0,50.0,74.0,-6.636363636363636,12.272727272727273,15.909090909090908,-61.63636363636363
2026-07-22,1326,強力候選,56.6,68.0,37.0,50.0,71.0,-17.138810198300277,-16.99716713881019,-19.688385269121802,-4.107648725212453
2026-07-22,2615,強力候選,55.8,64.0,45.0,50.0,62.0,-0.11750881316098039,0.3525264394829746,25.14688601645124,32.19741480611047
2026-07-22,5880,觀察股,51.7,60.0,30.0,50.0,71.0,2.1526418786692787,4.109589041095893,-2.7397260273972575,1.76125244618395
2026-07-22,2301,觀察股,50.0,51.0,45.0,50.0,56.0,-15.137614678899084,14.220183486238533,25.458715596330272,30.504587155963304
2026-07-22,2354,觀察股,49.6,41.0,45.0,50.0,71.0,-5.525846702317293,-1.0695187165775426,8.377896613190723,18.003565062388592
2026-07-22,2376,觀察股,48.9,64.0,30.0,50.0,50.0,-7.614942528735632,-1.7241379310344827,0.14367816091954022,5.890804597701149
2026-07-22,2317,觀察股,47.9,44.0,30.0,50.0,80.0,-5.7654075546719685,2.783300198807157,-2.584493041749503,0.9940357852882704
2026-07-22,3034,觀察股,47.8,41.0,45.0,50.0,62.0,0.7984031936127743,9.780439121756487,6.58682634730539,9.181636726546905
2026-07-22,2412,觀察股,47.6,39.0,37.0,50.0,77.0,1.444043321299639,-1.083032490974729,-1.8050541516245486,5.054151624548736
2026-07-22,2884,觀察股,47.6,39.0,37.0,50.0,77.0,1.248266296809994,5.686546463245504,4.8543689320388355,25.797503467406397
2026-07-22,1590,觀察股,47.5,54.0,37.0,50.0,50.0,-7.3426573426573425,5.594405594405594,1.7482517482517483,-17.132867132867133
2026-07-22,2603,觀察股,47.0,39.0,45.0,50.0,62.0,-2.1844660194174756,-0.48543689320388345,16.74757281553398,15.53398058252427
2026-07-22,2609,觀察股,46.9,42.0,45.0,50.0,56.0,-2.5291828793774265,-1.5564202334630295,14.785992217898835,14.396887159533073
2026-07-22,4938,觀察股,46.6,54.0,30.0,50.0,56.0,-2.8436018957346034,6.0426540284360115,5.924170616113743,6.872037914691939
2026-07-22,6505,觀察股,46.2,35.0,37.0,50.0,77.0,-12.103407755581665,-20.564042303172737,-17.508813160987067,10.693301997649835
2026-07-22,2105,觀察股,45.6,45.0,37.0,50.0,56.0,-2.7200000000000046,-2.4,-0.6399999999999977,-2.239999999999998
2026-07-22,2330,觀察股,45.4,41.0,45.0,50.0,50.0,-8.333333333333332,0.20833333333333334,-2.083333333333333,4.583333333333333
2026-07-22,2882,觀察股,45.4,41.0,37.0,50.0,62.0,-2.7892561983471102,3.82231404958678,1.5495867768595042,14.152892561983474
2026-07-22,8046,觀察股,45.4,48.0,37.0,50.0,50.0,-32.64367816091954,-18.773946360153257,-9.578544061302683,8.812260536398467
2026-07-22,2002,觀察股,45.4,54.0,22.0,50.0,62.0,0.5305039787798295,0.2652519893899053,0.5305039787798295,0.5305039787798295
2026-07-22,3711,觀察股,45.4,41.0,45.0,50.0,50.0,-23.932926829268293,-9.603658536585366,-10.365853658536585,8.231707317073171
2026-07-22,2357,觀察股,44.6,39.0,37.0,50.0,62.0,0.5284015852047557,10.700132100396301,22.192866578599734,27.476882430647294
2026-07-22,2408,觀察股,43.7,51.0,30.0,50.0,47.0,-20.65095398428732,-0.11223344556677892,7.968574635241302,16.4983164983165
2026-07-22,2360,觀察股,43.6,49.0,30.0,50.0,50.0,-13.647058823529413,-11.294117647058824,-0.2352941176470588,-2.1176470588235294
2026-07-22,2395,觀察股,43.6,49.0,30.0,50.0,50.0,-7.718120805369128,6.208053691275168,16.44295302013423,21.308724832214764
2026-07-22,2883,觀察股,43.4,56.0,7.0,50.0,71.0,-4.269293924466341,3.776683087027922,-0.16420361247947687,21.182266009852217
2026-07-22,2891,觀察股,43.3,48.0,22.0,50.0,62.0,-3.125,3.125,1.4062500000000089,6.093750000000009
2026-07-22,2886,觀察股,43.3,60.0,0.0,50.0,74.0,3.5269709543568375,6.224066390041493,-2.385892116182584,1.3485477178423206
2026-07-22,1303,觀察股,43.3,48.0,30.0,50.0,50.0,-31.971153846153843,-14.903846153846153,-9.85576923076923,22.115384615384613
2026-07-22,1301,觀察股,42.4,60.0,15.0,50.0,47.0,-11.49606299212598,-11.811023622047244,-10.551181102362209,5.1968503937007835
2026-07-22,2207,觀察股,42.1,35.0,37.0,50.0,56.0,5.487804878048781,3.4552845528455287,2.8455284552845526,4.67479674796748
2026-07-22,2892,觀察股,40.9,48.0,22.0,50.0,50.0,1.1627906976744147,4.3604651162790695,-2.3255813953488293,12.500000000000014
2026-07-22,2379,觀察股,40.6,37.0,30.0,50.0,56.0,-0.6729475100942126,1.0767160161507403,-0.6729475100942126,2.557200538358008
2026-07-22,2308,觀察股,40.4,27.0,45.0,50.0,50.0,-20.47872340425532,-12.23404255319149,-6.117021276595745,1.3297872340425532
2026-07-22,3045,觀察股,40.4,27.0,37.0,50.0,62.0,0.8888888888888888,-1.7777777777777777,0.8888888888888888,8.444444444444445
2026-07-22,2345,觀察股,40.4,27.0,45.0,50.0,50.0,-16.411378555798688,4.3763676148796495,-7.00218818380744,-16.849015317286653
2026-07-22,2881,觀察股,40.2,51.0,0.0,50.0,74.0,-3.149606299212598,1.968503937007874,1.1811023622047243,18.503937007874015
2026-07-23,2317,強力候選,58.4,74.0,30.0,50.0,80.0,-10.87378640776699,2.7184466019417477,-4.271844660194175,-1.3592233009708738
2026-07-23,2615,強力候選,55.8,64.0,45.0,50.0,62.0,-0.11834319526626547,-0.23668639053254772,34.319526627218934,33.13609467455622
2026-07-23,1326,強力候選,55.2,64.0,37.0,50.0,71.0,-21.33891213389122,-18.96792189679219,-18.549511854951188,-5.578800557880056
2026-07-23,4938,觀察股,54.8,74.0,30.0,50.0,62.0,-7.6834862385321125,0.9174311926605472,2.86697247706422,3.4403669724770642
2026-07-23,6669,觀察股,54.6,64.0,45.0,50.0,56.0,-10.420475319926874,14.53382084095064,15.63071297989031,-61.425959780621575
2026-07-23,1590,觀察股,54.5,74.0,37.0,50.0,50.0,-4.6263345195729535,11.032028469750891,1.0676156583629894,-15.658362989323843
2026-07-23,2884,觀察股,53.8,60.0,37.0,50.0,71.0,5.750350631136057,6.4516129032258185,4.768583450210387,27.20897615708276
2026-07-23,6505,觀察股,52.6,53.0,37.0,50.0,77.0,-23.17596566523606,-28.004291845493572,-21.673819742489272,1.0729613733905579
2026-07-23,2002,觀察股,52.4,74.0,22.0,50.0,62.0,-0.7853403141361367,-0.5235602094240912,1.3089005235602091,-0.7853403141361367
2026-07-23,2376,觀察股,52.4,74.0,30.0,50.0,50.0,-10.155148095909732,-2.9619181946403383,-2.9619181946403383,3.9492242595204514
2026-07-23,2354,觀察股,51.8,44.0,45.0,50.0,77.0,-6.842105263157892,7.017543859649122,5.614035087719303,16.140350877192986
2026-07-23,2603,觀察股,50.9,50.0,45.0,50.0,62.0,-1.2285012285012284,0.2457002457002457,20.884520884520885,16.953316953316953
2026-07-23,1301,觀察股,50.0,68.0,15.0,50.0,71.0,-18.42900302114804,-16.76737160120846,-12.68882175226587,0.9063444108761244
2026-07-23,3017,觀察股,48.2,49.0,45.0,50.0,50.0,-13.524590163934427,20.491803278688526,22.33606557377049,43.85245901639344
2026-07-23,2301,觀察股,48.1,42.0,45.0,50.0,62.0,-12.844036697247708,15.825688073394495,22.477064220183486,30.504587155963304
2026-07-23,2412,觀察股,47.6,39.0,37.0,50.0,77.0,1.8115942028985508,-0.7246376811594203,-1.0869565217391304,5.434782608695652
2026-07-23,3036,觀察股,47.5,49.0,30.0,67.5,56.0,-11.566265060240964,12.530120481927712,-0.9638554216867471,2.4096385542168677
2026-07-23,3034,觀察股,46.4,37.0,45.0,50.0,62.0,-2.3856858846918487,7.952286282306163,4.7713717693836974,8.747514910536779
2026-07-23,2609,觀察股,45.8,39.0,45.0,50.0,56.0,-0.9900990099009901,-0.19801980198020083,19.405940594059402,16.435643564356432
2026-07-23,2882,觀察股,45.1,37.0,37.0,57.5,62.0,-2.158273381294958,0.20554984583761854,0.4110996916752371,13.566289825282634
2026-07-23,2308,觀察股,44.6,39.0,45.0,50.0,50.0,-18.617021276595743,-10.638297872340425,-7.180851063829788,1.3297872340425532
2026-07-23,2382,觀察股,44.2,31.0,37.0,50.0,74.0,-16.964285714285715,-10.119047619047619,-2.6785714285714284,-0.5952380952380952
2026-07-23,3711,觀察股,44.0,37.0,45.0,50.0,50.0,-22.18798151001541,-8.320493066255779,-9.090909090909092,9.399075500770417
2026-07-23,2330,觀察股,43.4,37.0,45.0,50.0,47.0,-8.316008316008316,-1.6632016632016633,-1.2474012474012475,4.365904365904366
2026-07-23,2360,觀察股,43.4,44.0,30.0,60.0,50.0,-11.36890951276102,-8.352668213457076,-0.6960556844547563,-3.480278422273782
2026-07-23,2357,觀察股,43.2,35.0,37.0,50.0,62.0,-4.161248374512354,6.371911573472041,18.725617685305593,25.487646293888165
2026-07-23,5880,觀察股,43.0,35.0,30.0,50.0,71.0,5.468749999999995,1.953125,-3.1250000000000027,1.5624999999999944
2026-07-23,8046,觀察股,42.6,40.0,37.0,50.0,50.0,-31.951219512195124,-10.16260162601626,-2.8455284552845526,15.447154471544716
2026-07-23,2207,觀察股,42.1,35.0,37.0,50.0,56.0,11.991869918699187,4.878048780487805,3.2520325203252036,4.67479674796748
2026-07-23,1303,觀察股,40.5,40.0,30.0,50.0,50.0,-26.39593908629442,-9.390862944162437,-5.583756345177665,28.934010152284262
2026-07-23,2345,觀察股,40.4,27.0,45.0,50.0,50.0,-16.7741935483871,3.655913978494624,-9.46236559139785,-18.27956989247312
2026-07-23,3045,觀察股,40.4,27.0,37.0,50.0,62.0,1.7857142857142856,-1.3392857142857142,2.6785714285714284,8.928571428571429
2026-07-23,2395,觀察股,40.2,39.0,30.0,50.0,50.0,-8.833333333333334,3.6666666666666665,12.166666666666668,20.5
2026-07-23,2891,觀察股,40.0,37.0,22.0,62.0,56.0,-0.6299212598425175,1.73228346456692,-0.15748031496063214,6.929133858267726
2026-07-24,6669,強力候選,64.0,64.0,45.0,50.0,80.8,-5.93368237347295,6.457242582897033,9.162303664921465,-63.17626527050611
2026-07-24,2615,強力候選,62.9,64.0,45.0,50.0,77.8,-2.6436781609195372,-2.413793103448269,43.103448275862064,29.310344827586203
2026-07-24,2412,強力候選,61.7,64.0,37.0,50.0,78.8,0.3597122302158274,-1.079136690647482,-1.7985611510791366,4.676258992805756
2026-07-24,1326,強力候選,59.4,60.0,37.0,50.0,75.8,-14.962962962962964,-12.740740740740744,-10.96296296296296,0.2962962962963005
2026-07-24,4938,強力候選,57.1,64.0,30.0,50.0,69.8,-4.524886877828054,-1.4705882352941304,0.22624434389138987,2.036199095022621
2026-07-24,2207,強力候選,55.9,60.0,37.0,50.0,65.8,13.069908814589665,4.5592705167173255,4.964539007092199,4.356636271529888
2026-07-24,2354,觀察股,54.8,44.0,45.0,50.0,71.8,-1.0507880910683036,8.231173380035019,5.429071803852892,15.936952714535904
2026-07-24,2603,觀察股,54.5,50.0,45.0,50.0,65.8,-0.9708737864077669,0.7281553398058253,22.0873786407767,15.53398058252427
2026-07-24,2002,觀察股,54.1,64.0,22.0,50.0,65.8,-1.0443864229764976,-0.5221932114882396,1.5665796344647556,-1.0443864229764976
2026-07-24,2317,觀察股,53.8,54.0,30.0,50.0,68.8,-0.7920792079207921,2.9702970297029703,-2.7722772277227725,0.594059405940594
2026-07-24,1590,觀察股,53.7,64.0,37.0,50.0,56.0,-7.017543859649122,8.421052631578947,0.7017543859649122,-16.842105263157894
2026-07-24,1301,觀察股,53.6,60.0,15.0,50.0,71.8,-12.280701754385968,-11.004784688995224,-5.263157894736849,6.539074960127582
2026-07-24,2609,觀察股,52.6,54.0,45.0,50.0,56.8,-1.3592233009708794,-1.9417475728155338,24.271844660194176,14.174757281553394
2026-07-24,2301,觀察股,52.6,54.0,45.0,50.0,56.8,-2.564102564102564,15.151515151515152,21.678321678321677,32.634032634032636
2026-07-24,2395,觀察股,52.3,64.0,30.0,50.0,56.0,-3.098106712564544,9.122203098106713,11.703958691910499,24.440619621342513
2026-07-24,2360,觀察股,52.3,64.0,30.0,50.0,56.0,0.9615384615384616,-2.403846153846154,0.9615384615384616,0.0
2026-07-24,2881,觀察股,52.3,62.0,0.0,50.0,74.8,1.9607843137254901,-0.39215686274509803,5.098039215686274,18.03921568627451
2026-07-24,2884,觀察股,51.9,35.0,37.0,50.0,75.8,7.510431154381073,6.119610570236427,5.702364394993038,26.147426981919324
2026-07-24,2883,觀察股,50.7,52.0,7.0,50.0,74.8,0.6525285481239897,0.6525285481239897,2.936378466557919,20.39151712887439
2026-07-24,3034,觀察股,50.0,42.0,45.0,50.0,59.8,2.366863905325444,6.903353057199212,4.536489151873767,7.889546351084813
2026-07-24,2882,觀察股,48.4,42.0,37.0,50.0,59.8,4.639175257731959,2.474226804123717,3.608247422680412,13.917525773195877
2026-07-24,2357,觀察股,48.4,35.0,37.0,50.0,65.8,5.058365758754864,5.966277561608301,19.45525291828794,25.1621271076524
2026-07-24,2454,觀察股,48.1,27.0,37.0,50.0,71.8,-5.2,4.0,1.0666666666666667,32.800000000000004
2026-07-24,3017,觀察股,47.9,44.0,45.0,50.0,52.0,-2.5210084033613445,17.016806722689076,20.3781512605042,47.47899159663865
2026-07-24,2376,觀察股,47.6,60.0,30.0,50.0,46.0,-5.077574047954866,-2.9619181946403383,-4.231311706629055,3.9492242595204514
2026-07-24,3045,觀察股,47.5,39.0,37.0,50.0,59.8,-0.881057268722467,-1.762114537444934,1.3215859030837005,7.488986784140969
2026-07-24,2308,觀察股,46.4,39.0,45.0,50.0,52.0,-8.123249299719888,-7.563025210084033,-1.9607843137254901,6.722689075630252
2026-07-24,3036,觀察股,46.2,39.0,30.0,57.5,56.8,-4.37956204379562,2.9197080291970803,0.24330900243309003,3.40632603406326
2026-07-27,2354,觀察股,60.8,64.0,45.0,50.0,71.8,0.35587188612098886,12.277580071174373,7.651245551601418,17.79359430604982
2026-07-27,2412,觀察股,60.5,60.0,37.0,50.0,78.8,-1.0676156583629894,-2.8469750889679712,-2.8469750889679712,3.558718861209965
2026-07-27,2615,觀察股,59.8,64.0,45.0,50.0,68.8,2.4999999999999933,4.166666666666666,48.214285714285715,33.92857142857143
2026-07-27,6669,觀察股,59.6,60.0,45.0,50.0,71.8,3.1331592689295036,4.6127067014795475,9.660574412532636,-63.27241079199304
2026-07-27,1590,觀察股,59.6,64.0,37.0,50.0,72.8,-1.7361111111111112,9.027777777777777,-0.3472222222222222,-17.708333333333336
2026-07-27,2884,觀察股,58.4,60.0,37.0,50.0,72.8,5.631868131868144,3.8461538461538423,4.807692307692308,24.5879120879121
2026-07-27,4938,觀察股,57.1,64.0,30.0,50.0,69.8,-0.9153318077803334,2.4027459954233343,2.173913043478251,3.203661327231118
2026-07-27,2207,觀察股,55.9,60.0,37.0,50.0,65.8,4.819277108433735,3.2128514056224895,4.819277108433735,3.413654618473896
2026-07-27,2609,觀察股,55.6,64.0,45.0,50.0,56.8,-0.5870841487279926,0.9784735812133072,26.22309197651663,15.068493150684922
2026-07-27,2603,觀察股,54.5,50.0,45.0,50.0,65.8,1.9656019656019657,5.159705159705159,23.095823095823096,16.953316953316953
2026-07-27,2882,觀察股,54.4,62.0,37.0,50.0,59.8,2.030456852791878,2.5380710659898478,0.4060913705583814,12.18274111675127
2026-07-27,2002,觀察股,54.1,64.0,22.0,50.0,65.8,-2.0779220779220706,2.0779220779220706,-0.25974025974026343,-1.558441558441562
2026-07-27,2317,觀察股,53.8,54.0,30.0,50.0,68.8,0.0,4.545454545454546,-3.7549407114624502,0.3952569169960474
2026-07-27,3034,觀察股,53.6,54.0,45.0,50.0,59.8,0.19305019305019305,5.019305019305019,4.633204633204633,5.598455598455598
2026-07-27,1326,觀察股,53.4,40.0,37.0,50.0,75.8,-13.384615384615389,-9.538461538461544,-12.153846153846152,4.153846153846158
2026-07-27,2301,觀察股,53.3,39.0,45.0,50.0,71.8,8.254716981132075,28.066037735849058,35.37735849056604,34.19811320754717
2026-07-27,2395,觀察股,52.3,64.0,37.0,50.0,52.0,-0.17331022530329288,15.597920277296359,14.038128249566725,25.30329289428076
2026-07-27,5880,觀察股,52.3,35.0,30.0,50.0,80.8,3.6608863198458548,0.5780346820809331,-3.6608863198458548,0.19267822736031104
2026-07-27,6505,觀察股,52.1,60.0,37.0,50.0,54.8,-13.09370988446727,-11.424903722721444,-10.269576379974325,20.924261874197683
2026-07-27,2881,觀察股,51.4,52.0,0.0,50.0,80.8,-0.38461538461538464,-1.153846153846154,1.5384615384615385,15.769230769230768
2026-07-27,2883,觀察股,50.7,52.0,7.0,50.0,74.8,-0.9771986970684062,1.1400651465798093,0.9771986970684062,20.19543973941368
2026-07-27,2360,觀察股,49.3,54.0,30.0,50.0,56.0,-6.666666666666667,-3.3333333333333335,-1.4285714285714286,-0.9523809523809524
2026-07-27,2885,觀察股,48.8,37.0,15.0,50.0,77.8,5.100463678516224,5.4095826893353935,-3.554868624420408,4.173106646058737
2026-07-27,3017,觀察股,47.9,44.0,45.0,50.0,52.0,6.25,15.208333333333332,18.958333333333332,46.25
2026-07-27,1301,觀察股,47.6,40.0,15.0,50.0,71.8,-12.803889789303089,-9.88654781199352,-7.617504051863862,8.265802269043752
2026-07-27,2376,觀察股,47.6,60.0,30.0,50.0,46.0,-7.1530758226037205,0.0,-2.432045779685265,5.436337625178827
2026-07-28,2884,觀察股,60.1,60.0,37.0,50.0,77.8,4.827586206896552,1.793103448275858,7.586206896551724,25.10344827586207
2026-07-28,6669,觀察股,59.8,64.0,45.0,50.0,68.8,16.745061147695203,11.571025399811854,21.16650987770461,-60.30103480714958
2026-07-28,2615,觀察股,59.6,60.0,45.0,50.0,71.8,2.9904306220095696,4.186602870813397,51.31578947368423,34.56937799043063
2026-07-28,2412,觀察股,58.0,60.0,37.0,50.0,71.8,-3.1914893617021276,-3.546099290780142,-3.1914893617021276,3.1914893617021276
2026-07-28,2603,觀察股,54.5,50.0,45.0,50.0,65.8,3.0,9.0,23.0,19.0
2026-07-28,2002,觀察股,54.1,64.0,22.0,50.0,65.8,-0.7894736842105189,3.9473684210526314,0.2631578947368458,-0.2631578947368458
2026-07-28,1590,觀察股,54.1,54.0,37.0,50.0,65.8,4.395604395604396,14.285714285714285,6.95970695970696,-13.186813186813188
2026-07-28,2354,觀察股,54.1,45.0,45.0,50.0,68.8,3.7037037037037033,16.111111111111118,12.037037037037036,22.5925925925926
2026-07-28,6505,觀察股,52.8,60.0,37.0,50.0,56.8,-8.579088471849856,-4.6916890080428955,-4.825737265415542,26.273458445040227
2026-07-28,2357,觀察股,52.8,60.0,37.0,50.0,56.8,9.659863945578232,14.14965986394558,25.850340136054424,31.292517006802722
2026-07-28,2395,觀察股,52.5,60.0,37.0,50.0,56.0,3.597122302158273,18.884892086330936,20.503597122302157,30.035971223021583
2026-07-28,5880,觀察股,51.2,35.0,30.0,50.0,77.8,2.312138728323705,-7.5144508670520205,-3.468208092485544,0.19267822736031104
2026-07-28,2609,觀察股,51.1,49.0,45.0,50.0,56.8,0.5917159763313553,2.5641025641025585,25.44378698224852,15.976331360946732
2026-07-28,1326,觀察股,50.5,35.0,37.0,50.0,71.8,-4.433497536945806,-4.433497536945806,-4.761904761904759,11.165845648604277
2026-07-28,2207,觀察股,49.6,39.0,37.0,50.0,65.8,3.4000000000000004,2.1999999999999997,3.8,3.0
2026-07-28,1303,觀察股,49.3,25.0,30.0,50.0,80.8,8.598726114649681,21.019108280254777,20.063694267515924,61.78343949044586
2026-07-28,3034,觀察股,49.1,39.0,45.0,50.0,59.8,6.395939086294416,9.238578680203045,12.690355329949238,11.065989847715736
2026-07-28,2317,觀察股,48.1,45.0,30.0,30.0,68.8,5.042016806722689,10.504201680672269,2.100840336134454,6.722689075630252
2026-07-28,3045,觀察股,47.8,40.0,37.0,50.0,59.8,-2.631578947368421,-3.9473684210526314,1.3157894736842104,7.017543859649122
2026-07-28,4938,觀察股,46.9,45.0,30.0,50.0,56.8,6.250000000000003,6.971153846153842,6.730769230769224,8.413461538461538
2026-07-28,3017,觀察股,46.4,39.0,45.0,50.0,52.0,16.071428571428573,23.214285714285715,31.69642857142857,56.69642857142857
2026-07-28,1301,觀察股,46.1,35.0,15.0,50.0,71.8,-3.8260869565217437,-3.3043478260869543,0.5217391304347777,16.173913043478255
2026-07-29,2412,觀察股,60.5,60.0,37.0,50.0,78.8,-2.491103202846975,-3.202846975088968,-3.202846975088968,3.558718861209965
2026-07-29,3034,觀察股,59.6,74.0,45.0,50.0,59.8,8.91089108910891,6.336633663366337,10.297029702970297,8.316831683168317
2026-07-29,2002,觀察股,58.2,60.0,22.0,50.0,80.8,-0.2638522427440671,4.221635883905018,2.110817941952518,0.0
2026-07-29,2884,觀察股,58.0,60.0,37.0,50.0,71.8,4.383561643835621,0.684931506849315,6.027397260273981,24.246575342465757
2026-07-29,2615,觀察股,57.5,60.0,45.0,50.0,65.8,0.47058823529412436,2.470588235294111,35.294117647058826,32.35294117647059
2026-07-29,2357,觀察股,57.0,60.0,37.0,50.0,68.8,10.11826544021025,11.957950065703022,27.595269382391592,26.806833114323258
2026-07-29,2609,觀察股,55.1,45.0,45.0,50.0,71.8,0.998003992015968,3.1936127744511005,14.97005988023952,17.365269461077833
2026-07-29,6669,觀察股,55.0,55.0,45.0,50.0,62.8,20.253164556962027,17.33203505355404,32.13242453748783,-58.90944498539435
2026-07-29,2603,觀察股,54.5,50.0,45.0,50.0,65.8,1.7369727047146404,6.451612903225806,14.640198511166252,18.11414392059553
2026-07-29,2207,觀察股,52.8,39.0,37.0,50.0,74.8,-1.9267822736030826,-2.8901734104046244,0.7707129094412332,-0.7707129094412332
2026-07-29,3045,觀察股,52.4,60.0,37.0,50.0,55.8,-2.643171806167401,-3.524229074889868,1.762114537444934,7.488986784140969
2026-07-29,3036,觀察股,52.3,35.0,30.0,50.0,80.8,21.951219512195124,17.88617886178862,6.504065040650407,15.176151761517614
2026-07-29,1590,觀察股,51.4,45.0,37.0,50.0,65.8,13.962264150943396,20.37735849056604,10.943396226415095,-10.566037735849058
2026-07-29,2395,觀察股,51.1,60.0,37.0,50.0,52.0,15.090909090909092,24.727272727272727,25.09090909090909,31.454545454545457
2026-07-29,5880,觀察股,49.1,35.0,30.0,50.0,71.8,1.9157088122605364,-7.662835249042145,-4.214559386973185,-0.38314176245211273
2026-07-29,1326,觀察股,47.5,25.0,37.0,50.0,71.8,0.17094017094017336,1.8803418803418828,3.076923076923072,15.726495726495731
2026-07-29,4938,觀察股,46.9,45.0,30.0,50.0,56.8,9.146341463414634,11.463414634146348,8.90243902439024,10.000000000000004
2026-07-29,2360,觀察股,46.6,45.0,30.0,50.0,56.0,2.7247956403269753,19.618528610354225,7.901907356948229,13.35149863760218
2026-07-29,2882,觀察股,46.2,35.0,37.0,58.0,56.0,6.801275239107339,5.951115834218926,8.92667375132838,17.428267800212545
2026-07-30,2615,觀察股,60.7,60.0,45.0,50.0,74.8,-0.11848341232228497,3.6729857819905143,34.478672985781984,33.293838862559234
2026-07-30,3034,觀察股,59.5,49.0,45.0,50.0,80.8,10.590631364562118,9.572301425661914,11.608961303462321,11.405295315682281
2026-07-30,2603,觀察股,58.7,50.0,45.0,50.0,77.8,1.4925373134328357,7.213930348258707,15.671641791044777,18.407960199004975
2026-07-30,2002,觀察股,57.1,60.0,22.0,50.0,77.8,0.2638522427440671,1.3192612137203166,1.0554089709762495,0.0
2026-07-30,2357,觀察股,54.9,60.0,37.0,50.0,62.8,10.990502035278155,27.137042062415194,31.343283582089555,30.936227951153324
2026-07-30,2884,觀察股,53.8,39.0,37.0,50.0,77.8,0.663129973474801,-1.0610079575596967,2.2546419098143082,20.291777188328908
2026-07-30,2207,觀察股,53.7,35.0,37.0,50.0,80.8,-6.352087114337568,-4.900181488203267,-4.3557168784029034,-6.533575317604355
2026-07-30,2412,觀察股,53.0,35.0,37.0,50.0,78.8,-2.491103202846975,-3.202846975088968,-3.558718861209965,3.558718861209965
2026-07-30,3045,觀察股,50.1,29.0,37.0,50.0,75.8,-3.070175438596491,-4.824561403508771,1.3157894736842104,7.017543859649122
2026-07-30,2609,觀察股,50.0,35.0,45.0,50.0,65.8,0.7999999999999973,2.799999999999997,15.799999999999997,17.599999999999994
2026-07-30,5880,觀察股,49.1,35.0,30.0,50.0,71.8,-3.3333333333333277,-10.370370370370372,-7.2222222222222205,-3.7037037037037033
2026-07-30,2892,觀察股,46.5,35.0,22.0,50.0,68.8,0.0,-6.6197183098591585,-6.0563380281690105,9.014084507042261
2026-07-30,6669,觀察股,46.1,45.0,45.0,50.0,46.0,27.857142857142858,23.877551020408163,39.08163265306123,-56.93877551020409
2026-07-31,3034,強力候選,64.0,64.0,45.0,50.0,80.8,4.431599229287091,-1.348747591522158,5.009633911368015,5.394990366088632
2026-07-31,2615,強力候選,59.6,60.0,45.0,50.0,71.8,0.2361275088547849,6.965761511216047,31.64108618654073,32.82172373081463
2026-07-31,2603,強力候選,58.7,50.0,45.0,50.0,77.8,1.715686274509804,7.352941176470589,13.480392156862745,16.666666666666664
2026-07-31,2002,強力候選,57.1,60.0,22.0,50.0,77.8,0.5277044854881342,0.2638522427440671,0.5277044854881342,0.0
2026-07-31,2357,強力候選,57.0,60.0,37.0,50.0,68.8,0.8641975308641975,22.962962962962962,19.1358024691358,19.1358024691358
2026-07-31,3045,觀察股,54.9,45.0,37.0,50.0,75.8,-0.8888888888888888,-4.0,2.666666666666667,8.444444444444445
2026-07-31,2882,觀察股,54.9,60.0,37.0,50.0,62.8,-2.0689655172413737,0.0,3.9408866995073892,8.866995073891626
2026-07-31,2207,觀察股,54.0,35.0,37.0,50.0,81.8,-7.526881720430108,-7.885304659498208,-6.810035842293908,-7.706093189964158
2026-07-31,5880,觀察股,52.6,35.0,30.0,50.0,81.8,-5.0724637681159495,-12.318840579710152,-8.514492753623193,-5.797101449275368
2026-07-31,2884,觀察股,52.6,35.0,37.0,50.0,77.8,-1.29366106080207,-2.58732212160414,0.2587322121604177,17.335058214747747
2026-07-31,2609,觀察股,51.5,40.0,45.0,50.0,65.8,-0.5905511811023566,1.574803149606308,10.629921259842531,15.748031496062993
2026-07-31,6669,觀察股,50.6,60.0,45.0,50.0,46.0,13.172541743970315,19.387755102040817,33.58070500927644,-60.85343228200371
2026-07-31,2881,觀察股,49.1,48.0,0.0,50.0,77.8,-2.307692307692308,-0.38461538461538464,10.76923076923077,15.769230769230768
2026-07-31,2354,觀察股,49.0,28.0,45.0,50.0,68.8,9.380530973451322,10.619469026548673,13.09734513274336,17.168141592920357
2026-07-31,2891,觀察股,48.1,37.0,22.0,50.0,71.8,1.0785824345146202,1.3867488443759497,-0.7704160246533127,4.622496147919876
2026-07-31,2412,觀察股,47.9,25.0,37.0,50.0,72.8,-1.4336917562724014,-3.225806451612903,-2.867383512544803,4.301075268817205
2026-07-31,2883,觀察股,46.8,38.0,7.0,50.0,75.8,0.0,2.5931928687196013,6.158833063209071,19.611021069692047
2026-07-31,2330,觀察股,46.1,38.0,45.0,50.0,52.0,-2.268041237113402,-1.2371134020618557,-0.2061855670103093,3.5051546391752577
2026-08-03,3034,觀察股,64.0,64.0,45.0,50.0,80.8,4.8169556840077075,-1.9267822736030826,4.046242774566474,5.394990366088632
2026-08-03,2615,觀察股,60.7,60.0,45.0,50.0,74.8,1.6260162601626085,15.679442508710803,32.404181184669,30.662020905923352
2026-08-03,2207,觀察股,58.0,60.0,37.0,50.0,71.8,-1.532567049808429,-1.3409961685823755,-1.7241379310344827,-1.3409961685823755
2026-08-03,2357,觀察股,58.0,60.0,37.0,50.0,71.8,2.3779724655819776,17.39674593241552,25.03128911138924,20.77596996245307
2026-08-03,2603,觀察股,57.5,60.0,45.0,50.0,65.8,3.132530120481928,11.566265060240964,12.530120481927712,14.698795180722893
2026-08-03,2354,觀察股,56.9,44.0,45.0,50.0,77.8,11.87943262411348,9.397163120567384,14.716312056737596,17.375886524822704
2026-08-03,3045,觀察股,56.0,45.0,37.0,50.0,78.8,-1.3392857142857142,-0.8928571428571428,3.571428571428571,8.928571428571429
2026-08-03,2891,觀察股,54.9,49.0,22.0,50.0,80.8,2.6234567901234613,1.2345679012345634,-0.1543209876543122,4.783950617283964
2026-08-03,2002,觀察股,54.0,60.0,22.0,50.0,68.8,4.244031830238711,0.0,0.5305039787798295,0.5305039787798295
2026-08-03,4938,觀察股,52.6,50.0,30.0,50.0,68.8,3.3487297921478127,4.27251732101617,5.196304849884527,4.157043879907631
2026-08-03,2301,觀察股,52.0,54.0,45.0,50.0,55.0,18.30065359477124,14.814814814814813,32.89760348583878,23.965141612200437
2026-08-03,2609,觀察股,51.5,40.0,45.0,50.0,65.8,1.574803149606308,7.67716535433072,17.12598425196851,15.748031496062993
2026-08-03,6669,觀察股,50.6,60.0,45.0,50.0,46.0,1.4345991561181435,11.729957805907173,19.746835443037973,-64.38818565400844
2026-08-03,2882,觀察股,50.2,64.0,37.0,50.0,46.0,0.4975124378109453,-2.388059701492543,9.950248756218906,9.950248756218906
2026-08-03,2412,觀察股,50.0,25.0,37.0,50.0,78.8,-1.7985611510791366,-2.158273381294964,-2.158273381294964,4.676258992805756
2026-08-03,3017,觀察股,49.7,50.0,45.0,50.0,52.0,8.431372549019608,23.52941176470588,34.31372549019608,37.64705882352941
2026-08-03,2317,觀察股,49.6,40.0,30.0,50.0,68.8,4.545454545454546,0.7905138339920948,-1.185770750988142,0.3952569169960474
2026-08-03,2885,觀察股,48.7,54.0,15.0,50.0,62.8,0.2941176470588277,0.4411764705882311,-3.8235294117646976,-0.8823529411764622
2026-08-03,2395,觀察股,48.6,48.0,37.0,50.0,55.0,15.79861111111111,17.01388888888889,17.53472222222222,25.520833333333332
2026-08-03,2884,觀察股,48.4,35.0,37.0,50.0,65.8,-1.6905071521456583,-1.820546163849162,3.3810143042912797,17.94538361508452
2026-08-03,5880,觀察股,48.1,35.0,30.0,50.0,68.8,-2.973977695167276,-7.434944237918216,-5.018587360594788,-3.345724907063192
2026-08-03,3711,觀察股,47.2,37.0,45.0,50.0,56.0,3.278688524590164,0.819672131147541,-4.2622950819672125,16.39344262295082
2026-08-03,2454,觀察股,46.3,44.0,37.0,50.0,52.0,1.278772378516624,3.580562659846547,0.3836317135549872,27.365728900255753
2026-08-04,2301,強力候選,65.2,74.0,45.0,50.0,75.8,6.547619047619048,8.531746031746032,19.246031746031747,12.896825396825399
2026-08-04,2615,觀察股,64.0,64.0,45.0,50.0,80.8,1.1614401858304297,21.95121951219513,32.984901277584214,30.662020905923352
2026-08-04,4938,觀察股,62.9,74.0,30.0,50.0,77.8,0.6787330316742016,2.941176470588229,2.941176470588229,2.036199095022621
2026-08-04,3017,觀察股,62.8,74.0,45.0,50.0,68.8,6.153846153846154,16.73076923076923,31.153846153846153,35.0
2026-08-04,2357,觀察股,61.2,60.0,37.0,50.0,80.8,4.094292803970223,12.903225806451612,25.31017369727047,19.727047146401986
2026-08-04,2317,觀察股,61.0,64.0,30.0,50.0,80.8,5.2,-0.4,2.4,1.6
2026-08-04,2207,觀察股,59.4,60.0,37.0,50.0,75.8,-1.160541586073501,-0.9671179883945842,0.19342359767891684,-0.3868471953578337
2026-08-04,3034,觀察股,58.7,64.0,45.0,50.0,65.8,2.6717557251908395,-3.6259541984732824,5.343511450381679,4.3893129770992365
2026-08-04,2882,觀察股,58.2,64.0,37.0,50.0,68.8,0.40322580645160433,0.0,11.895161290322577,11.39112903225806
2026-08-04,2354,觀察股,58.0,44.0,45.0,50.0,80.8,11.964285714285719,6.964285714285712,17.678571428571438,18.21428571428572
2026-08-04,2609,觀察股,57.5,60.0,45.0,50.0,65.8,1.9607843137254901,10.196078431372554,12.941176470588239,15.294117647058819
2026-08-04,2891,觀察股,56.4,54.0,22.0,50.0,80.8,3.08641975308642,2.6234567901234613,2.6234567901234613,4.783950617283964
2026-08-04,2603,觀察股,55.6,64.0,45.0,50.0,56.8,5.825242718446602,15.53398058252427,15.53398058252427,15.53398058252427
2026-08-04,1590,觀察股,55.2,70.0,37.0,50.0,55.0,9.473684210526317,3.8596491228070176,1.4035087719298245,-16.842105263157894
2026-08-04,5880,觀察股,54.9,60.0,30.0,50.0,66.8,-9.604519774011303,-6.026365348399252,-3.5781544256120497,-2.0715630885122436
2026-08-04,2885,觀察股,54.7,74.0,15.0,50.0,62.8,-0.869565217391296,-7.246376811594203,-3.333333333333329,-2.3188405797101366
2026-08-04,2002,觀察股,54.0,60.0,22.0,50.0,68.8,4.77453580901856,0.5305039787798295,1.0610079575596778,0.5305039787798295
2026-08-04,6669,觀察股,53.9,64.0,45.0,50.0,52.0,-4.43190975020145,3.1426269137792104,25.70507655116841,-65.99516518936342
2026-08-04,2408,觀察股,51.2,42.0,30.0,50.0,71.8,12.155963302752294,18.11926605504587,18.807339449541285,19.03669724770642
2026-08-04,2881,觀察股,49.7,52.0,0.0,57.5,72.8,-0.38910505836575876,0.7782101167315175,12.840466926070038,17.120622568093385
2026-08-04,2884,觀察股,49.6,39.0,37.0,50.0,65.8,-2.894736842105267,0.2631578947368458,4.9999999999999964,19.3421052631579
2026-08-04,2892,觀察股,49.5,60.0,22.0,50.0,56.0,-7.365439093484404,-4.532577903682704,1.699716713881024,9.631728045325797
2026-08-04,2395,觀察股,49.2,48.0,37.0,50.0,56.8,14.756944444444445,17.881944444444446,23.4375,25.520833333333332
2026-08-04,3045,觀察股,47.6,45.0,37.0,50.0,54.8,-1.3513513513513513,0.0,4.054054054054054,9.90990990990991
2026-08-04,2412,觀察股,47.6,45.0,37.0,50.0,54.8,-0.3663003663003663,0.3663003663003663,-0.3663003663003663,6.593406593406594
2026-08-04,2883,觀察股,46.6,42.0,7.0,50.0,71.8,1.6366612111292964,1.3093289689034324,14.402618657937813,20.785597381342054
2026-08-04,2454,觀察股,46.3,44.0,37.0,50.0,52.0,4.010349288486417,0.517464424320828,11.642949547218628,28.84864165588616
2026-08-05,3017,強力候選,64.1,64.0,45.0,58.0,77.8,6.593406593406594,13.36996336996337,21.245421245421245,28.57142857142857
2026-08-05,2615,強力候選,62.8,60.0,45.0,50.0,80.8,1.9906323185011576,24.707259953161582,31.147540983606547,31.733021077283365
2026-08-05,2357,強力候選,61.2,60.0,37.0,50.0,80.8,1.6706443914081146,10.381861575178998,20.52505966587112,15.155131264916468
2026-08-05,2317,觀察股,61.0,64.0,30.0,50.0,80.8,4.448742746615087,-5.222437137330754,-2.9013539651837523,-1.7408123791102514
2026-08-05,2891,強力候選,60.3,74.0,22.0,50.0,74.8,0.9090909090909005,-1.666666666666658,0.9090909090909005,2.8787878787878873
2026-08-05,4938,觀察股,59.9,64.0,30.0,50.0,77.8,2.1229050279329673,-0.11173184357541266,2.458100558659221,0.7821229050279361
2026-08-05,2301,強力候選,58.7,64.0,45.0,50.0,65.8,4.216867469879518,9.839357429718875,26.506024096385545,14.257028112449799
2026-08-05,2207,強力候選,58.0,60.0,37.0,50.0,71.8,-0.9823182711198428,-0.5893909626719057,1.5717092337917484,1.1787819253438114
2026-08-05,2408,強力候選,58.0,54.0,30.0,50.0,80.8,8.426966292134832,8.089887640449438,16.40449438202247,16.629213483146067
2026-08-05,2882,強力候選,57.1,64.0,37.0,50.0,65.8,-0.7960199004975096,-2.189054726368162,8.45771144278607,9.950248756218906
2026-08-05,1590,強力候選,57.1,64.0,45.0,55.0,59.0,5.629139072847682,-3.642384105960265,-7.6158940397351,-21.52317880794702
2026-08-05,2354,強力候選,56.5,39.0,45.0,50.0,80.8,13.513513513513514,9.549549549549544,19.459459459459456,19.279279279279287
2026-08-05,2454,強力候選,56.4,74.0,37.0,50.0,55.0,0.375,-3.875,6.875000000000001,24.5
2026-08-05,5880,強力候選,55.9,60.0,30.0,50.0,69.8,-9.398496240601503,-6.578947368421052,-1.127819548872183,-2.255639097744366
2026-08-05,6669,觀察股,55.0,64.0,45.0,50.0,55.0,-2.42914979757085,3.2388663967611335,-57.732793522267215,-65.82995951417004
2026-08-05,2002,觀察股,54.0,60.0,22.0,50.0,68.8,4.497354497354506,0.2645502645502683,0.793650793650805,0.2645502645502683
2026-08-05,2376,觀察股,53.2,38.0,30.0,50.0,80.8,9.7953216374269,1.9005847953216373,5.701754385964912,7.748538011695906
2026-08-05,2603,觀察股,52.6,54.0,45.0,50.0,56.8,4.634146341463414,17.317073170731707,14.390243902439023,16.097560975609756
2026-08-05,3034,觀察股,52.4,39.0,45.0,58.0,65.8,-2.3636363636363638,-2.909090909090909,-1.2727272727272727,-0.5454545454545455
2026-08-05,3008,觀察股,52.3,74.0,15.0,50.0,56.0,0.2185792349726776,21.311475409836063,70.7103825136612,35.62841530054644
2026-08-05,3036,觀察股,52.0,64.0,30.0,50.0,55.0,-3.3333333333333335,-10.444444444444445,-16.88888888888889,-5.555555555555555
2026-08-05,2330,觀察股,52.0,54.0,45.0,50.0,55.0,0.4158004158004158,-2.2869022869022873,-0.8316008316008316,4.365904365904366
2026-08-05,2881,觀察股,51.8,64.0,0.0,50.0,71.8,-1.9305019305019304,-0.7722007722007722,10.81081081081081,16.216216216216218
2026-08-05,2885,觀察股,51.7,64.0,15.0,50.0,62.8,-1.1527377521613995,-9.942363112391938,-3.8904899135446724,-2.881844380403458
2026-08-05,2609,觀察股,51.4,50.0,45.0,50.0,56.8,2.1739130434782634,16.60079051383399,13.636363636363633,16.205533596837938
2026-08-05,2883,觀察股,50.5,62.0,7.0,50.0,65.8,-1.2658227848101333,-3.797468354430389,12.341772151898729,16.772151898734165
2026-08-05,6415,觀察股,49.6,39.0,37.0,50.0,65.8,0.8988764044943821,-1.1235955056179776,-4.269662921348314,-7.191011235955057
2026-08-05,2412,觀察股,48.9,25.0,37.0,50.0,75.8,-0.7299270072992701,-0.7299270072992701,0.36496350364963503,6.204379562043796
2026-08-05,2884,觀察股,48.4,35.0,37.0,50.0,65.8,-3.5433070866141767,-0.7874015748031606,6.299212598425193,19.028871391076116
2026-08-05,2892,觀察股,48.1,60.0,22.0,50.0,52.0,-7.660167130919221,-6.406685236768794,0.9749303621169957,7.799442896935946
2026-08-05,2353,觀察股,48.1,44.0,22.0,50.0,65.8,4.958677685950414,2.1487603305785075,6.280991735537185,5.289256198347112
2026-08-05,2345,觀察股,46.8,44.0,45.0,50.0,49.0,-7.127882599580712,-10.90146750524109,-10.272536687631026,-20.335429769392032
2026-08-05,8046,觀察股,46.8,37.0,45.0,50.0,55.0,19.339622641509436,11.320754716981133,13.20754716981132,33.9622641509434
2026-08-06,2408,強力候選,67.2,74.0,30.0,62.0,84.8,11.982570806100219,12.636165577342048,4.030501089324619,13.071895424836603
2026-08-06,2345,強力候選,63.8,74.0,45.0,50.0,71.8,-5.809128630705394,-12.655601659751037,-13.278008298755188,-21.16182572614108
2026-08-06,2317,觀察股,59.8,60.0,30.0,50.0,80.8,-0.945179584120983,-6.805293005671078,-6.427221172022684,-3.9697542533081283
2026-08-06,2354,強力候選,59.5,49.0,45.0,50.0,80.8,2.950819672131143,-1.3114754098360608,4.426229508196726,8.52459016393443
2026-08-06,2357,強力候選,59.2,60.0,37.0,58.0,71.8,14.547677261613693,11.613691931540341,18.704156479217605,17.970660146699267
2026-08-06,2330,強力候選,58.0,74.0,45.0,50.0,55.0,2.9598308668076108,0.42283298097251587,1.0570824524312896,6.13107822410148
2026-08-06,2884,強力候選,58.0,60.0,37.0,50.0,71.8,-1.7127799736495537,-1.5810276679841935,13.833992094861658,19.49934123847167
2026-08-06,2454,強力候選,57.6,54.0,37.0,50.0,75.8,7.780612244897959,-5.612244897959184,10.714285714285714,27.040816326530614
2026-08-06,2882,強力候選,57.1,64.0,37.0,50.0,65.8,2.051282051282051,0.20512820512820804,15.384615384615385,13.333333333333334
2026-08-06,2207,觀察股,57.0,60.0,37.0,50.0,68.8,1.550387596899225,-1.550387596899225,0.9689922480620154,-0.1937984496124031
2026-08-06,4938,觀察股,56.8,64.0,30.0,50.0,68.8,7.727272727272724,1.931818181818185,2.7272727272727337,2.500000000000003
2026-08-06,2002,強力候選,55.0,60.0,22.0,50.0,71.8,1.0526315789473648,1.8421052631579022,0.0,-0.2631578947368458
2026-08-06,2615,觀察股,54.4,60.0,45.0,50.0,56.8,3.7959667852906325,34.638196915776994,37.010676156583635,33.45195729537367
2026-08-06,3017,觀察股,54.2,35.0,45.0,50.0,77.8,8.843537414965986,1.530612244897959,12.244897959183673,19.387755102040817
2026-08-06,1590,觀察股,53.5,35.0,45.0,50.0,75.8,-5.769230769230769,-8.974358974358974,-11.858974358974358,-24.03846153846154
2026-08-06,2376,觀察股,52.7,54.0,30.0,50.0,65.8,14.38953488372093,0.0,1.88953488372093,7.122093023255814
2026-08-06,2885,觀察股,52.7,64.0,15.0,50.0,65.8,3.8748137108792977,-7.451564828613999,2.086438152011931,0.44709388971685754
2026-08-06,2603,觀察股,52.6,54.0,45.0,50.0,56.8,5.637254901960785,20.588235294117645,17.15686274509804,16.666666666666664
2026-08-06,2360,觀察股,51.5,50.0,30.0,50.0,65.8,16.455696202531644,8.354430379746836,2.0253164556962027,5.3164556962025316
2026-08-06,2891,觀察股,51.3,54.0,22.0,30.0,74.8,2.9411764705882444,-1.8575851393188791,4.489164086687316,5.108359133126953
2026-08-06,3034,觀察股,51.2,39.0,45.0,50.0,65.8,-0.9208103130755065,-2.9465930018416207,-2.9465930018416207,0.7366482504604052
2026-08-06,6415,觀察股,51.0,39.0,37.0,50.0,69.8,4.49438202247191,0.6741573033707865,-7.640449438202247,-7.191011235955057
2026-08-06,2301,觀察股,50.2,39.0,45.0,50.0,62.8,6.732673267326733,5.742574257425743,18.415841584158414,12.673267326732674
2026-08-06,5880,觀察股,49.9,40.0,30.0,50.0,69.8,-7.279693486590046,-4.980842911877397,2.2988505747126355,-0.38314176245211273
2026-08-06,3008,觀察股,49.3,64.0,15.0,50.0,56.0,0.7567567567567568,19.243243243243242,54.59459459459459,34.16216216216216
2026-08-06,2308,觀察股,48.8,39.0,45.0,50.0,59.0,12.202380952380953,3.869047619047619,4.761904761904762,13.392857142857142
2026-08-06,1326,觀察股,48.6,48.0,37.0,50.0,55.0,2.409638554216865,0.5163511187607525,19.965576592082616,16.523235800344235
2026-08-06,2609,觀察股,48.2,45.0,45.0,50.0,52.0,1.984126984126984,19.64285714285714,14.68253968253968,16.666666666666664
2026-08-06,2395,觀察股,47.9,39.0,37.0,50.0,60.8,12.218649517684888,8.19935691318328,8.360128617363344,16.237942122186492
2026-08-06,6669,觀察股,46.2,35.0,45.0,50.0,55.0,-3.1125299281723864,0.9577015163607342,-60.49481245011972,-66.32083000798085
2026-08-06,2337,觀察股,46.0,44.0,30.0,50.0,55.0,5.813953488372093,-5.426356589147287,-9.30232558139535,-6.2015503875969
2026-08-07,2408,觀察股,62.4,64.0,30.0,50.0,84.8,12.035010940919037,15.536105032822759,8.533916849015318,13.566739606126916
2026-08-07,2317,觀察股,61.9,60.0,37.0,55.0,80.8,-0.19230769230769232,-5.5769230769230775,-1.5384615384615385,-2.307692307692308
2026-08-07,1590,觀察股,61.0,60.0,45.0,50.0,75.8,-5.501618122977346,-7.119741100323624,-9.70873786407767,-23.300970873786408
2026-08-07,2891,觀察股,59.4,64.0,22.0,50.0,80.8,0.30487804878049213,-0.9146341463414549,4.268292682926847,3.5060975609756273
2026-08-07,2376,觀察股,58.7,74.0,30.0,50.0,65.8,15.55232558139535,-1.308139534883721,4.941860465116279,7.122093023255814
2026-08-07,3017,觀察股,58.6,60.0,45.0,50.0,68.8,16.15798922800718,2.872531418312388,28.186714542190305,26.032315978456015
2026-08-07,2301,觀察股,57.7,64.0,45.0,50.0,62.8,8.097165991902834,5.668016194331984,24.696356275303643,15.182186234817813
2026-08-07,2454,觀察股,57.6,54.0,37.0,50.0,75.8,7.948717948717948,-2.8205128205128207,13.205128205128206,27.692307692307693
2026-08-07,2882,觀察股,57.1,64.0,37.0,50.0,65.8,2.1126760563380222,1.1066398390341994,15.694164989939633,11.167002012072428
2026-08-07,4938,觀察股,56.8,64.0,30.0,50.0,68.8,8.840413318025263,1.7221584385763493,9.529276693455811,3.5591274397244645
2026-08-07,2884,觀察股,55.9,60.0,37.0,50.0,65.8,-1.3106159895150722,-0.39318479685451796,14.154652686762775,18.872870249017044
2026-08-07,2603,觀察股,55.6,64.0,45.0,50.0,56.8,5.542168674698795,21.204819277108435,12.289156626506024,14.698795180722893
2026-08-07,6669,觀察股,55.2,60.0,45.0,50.0,59.0,5.491803278688525,2.540983606557377,-57.950819672131146,-65.40983606557377
2026-08-07,2330,觀察股,55.0,64.0,45.0,50.0,55.0,1.0548523206751055,1.6877637130801686,1.6877637130801686,5.9071729957805905
2026-08-07,2002,觀察股,55.0,60.0,22.0,50.0,71.8,-0.2624671916010536,2.0997375328083914,0.2624671916010536,-0.5249343832021072
2026-08-07,2207,觀察股,54.9,60.0,37.0,50.0,62.8,-0.3875968992248062,0.3875968992248062,4.457364341085271,-0.1937984496124031
2026-08-07,2615,觀察股,54.4,60.0,45.0,50.0,56.8,6.713780918727902,46.64310954063603,35.453474676089506,32.50883392226147
2026-08-07,3034,觀察股,54.3,35.0,45.0,69.0,69.8,-5.535055350553505,-2.214022140221402,-3.3210332103321036,0.9225092250922509
2026-08-07,2354,觀察股,53.8,39.0,45.0,57.5,69.8,1.1326860841423994,-2.588996763754036,6.148867313915853,7.119741100323634
2026-08-07,2885,觀察股,52.7,64.0,15.0,50.0,65.8,2.954209748892171,-5.465288035450521,3.1019202363367713,-0.4431314623338215
2026-08-07,2379,觀察股,51.7,62.0,37.0,50.0,52.0,-3.8666666666666667,-4.8,-4.933333333333334,1.6
2026-08-07,2360,觀察股,51.3,40.0,37.0,50.0,69.8,13.30049261083744,3.4482758620689653,0.0,2.4630541871921183
2026-08-07,6415,觀察股,51.0,39.0,37.0,50.0,69.8,8.720271800679502,0.9060022650056626,-2.944507361268403,-6.455266138165346
2026-08-07,2357,觀察股,50.5,35.0,37.0,50.0,71.8,21.909424724602204,12.729498164014688,25.458996328029375,18.115055079559365
2026-08-07,3036,觀察股,50.2,54.0,30.0,63.0,53.0,-0.7092198581560284,-2.6004728132387704,-8.983451536643026,0.4728132387706856
2026-08-07,2609,觀察股,49.7,50.0,45.0,50.0,52.0,2.178217821782181,26.732673267326735,15.247524752475252,16.435643564356432
2026-08-07,2395,觀察股,49.5,39.0,45.0,50.0,60.8,7.728706624605679,2.365930599369085,12.145110410094636,14.037854889589903
2026-08-07,3008,觀察股,49.3,64.0,22.0,50.0,52.0,5.131128848346636,27.936145952109463,68.75712656784494,41.50513112884835
2026-08-07,2345,觀察股,48.8,49.0,30.0,50.0,59.0,3.837471783295711,-8.126410835214447,-5.191873589164786,-14.221218961625281
2026-08-07,2308,觀察股,48.8,39.0,45.0,50.0,59.0,14.242424242424242,6.0606060606060606,10.606060606060606,15.454545454545453
2026-08-07,2883,觀察股,47.5,52.0,7.0,50.0,65.8,2.5931928687196013,2.2690437601296574,18.962722852512158,19.611021069692047
2026-08-07,2353,觀察股,46.9,44.0,22.0,62.8,56.8,6.776859504132222,1.4876033057851215,8.099173553719018,5.289256198347112
2026-08-07,1326,觀察股,46.8,37.0,45.0,50.0,55.0,2.716468590831921,2.037351443123944,18.505942275042443,14.94057724957556
2026-08-07,5880,觀察股,46.2,40.0,30.0,50.0,59.0,-7.633587786259542,-4.389312977099231,1.7175572519083944,-0.7633587786259515
2026-08-07,2881,觀察股,46.0,40.0,0.0,50.0,75.8,1.968503937007874,5.511811023622047,18.503937007874015,18.503937007874015
2026-08-07,1303,觀察股,46.0,42.0,37.0,50.0,53.0,10.372340425531915,2.127659574468085,19.9468085106383,35.1063829787234
2026-08-10,2408,強力候選,61.2,60.0,30.0,50.0,84.8,4.382470119521913,-0.199203187250996,2.9880478087649402,3.386454183266932
2026-08-10,2603,強力候選,59.6,60.0,45.0,50.0,71.8,8.177570093457943,17.056074766355138,8.878504672897195,11.214953271028037
2026-08-10,3017,強力候選,58.6,60.0,45.0,50.0,68.8,13.924050632911392,3.25497287522604,23.688969258589513,26.94394213381555
2026-08-10,2379,強力候選,58.2,64.0,37.0,50.0,68.8,-5.408970976253298,-5.540897097625329,-3.825857519788918,0.5277044854881267
2026-08-10,2376,強力候選,57.1,64.0,37.0,50.0,65.8,2.432045779685265,-2.432045779685265,4.291845493562231,5.436337625178827
2026-08-10,4938,強力候選,56.8,64.0,30.0,50.0,68.8,0.8938547486033488,-0.22346368715084117,4.581005586592172,0.7821229050279361
2026-08-10,1590,強力候選,56.8,60.0,45.0,50.0,63.8,-6.687898089171974,-8.598726114649681,-12.738853503184714,-24.522292993630572
2026-08-10,6669,強力候選,56.4,64.0,45.0,50.0,59.0,10.149750415973378,4.825291181364393,-58.56905158069884,-64.891846921797
2026-08-10,2454,強力候選,56.2,54.0,37.0,50.0,71.8,2.272727272727273,-4.924242424242424,20.2020202020202,25.757575757575758
2026-08-10,2002,觀察股,54.9,39.0,37.0,50.0,80.8,-4.071246819338408,-2.2900763358778593,-3.307888040712461,-3.562340966921116
2026-08-10,2615,觀察股,54.4,60.0,45.0,50.0,56.8,13.828571428571424,42.285714285714285,30.857142857142854,28.57142857142857
2026-08-10,2882,觀察股,53.4,64.0,37.0,50.0,55.0,-2.871287128712877,-2.0792079207920735,13.366336633663368,9.405940594059405
2026-08-10,2337,觀察股,53.4,64.0,30.0,50.0,59.0,-2.9962546816479403,-7.116104868913857,-6.741573033707865,-9.363295880149813
2026-08-10,2891,觀察股,52.9,60.0,22.0,50.0,65.8,-1.3533834586466251,-4.360902255639096,1.3533834586466251,2.1052631578947456
2026-08-10,2317,觀察股,52.8,60.0,37.0,50.0,56.8,-3.5916824196597354,-7.9395085066162565,-3.213610586011342,-3.9697542533081283
2026-08-10,2357,觀察股,52.8,60.0,37.0,50.0,56.8,14.66992665036675,12.836185819070906,22.12713936430318,17.970660146699267
2026-08-10,2609,觀察股,52.7,60.0,45.0,50.0,52.0,6.007751937984499,24.999999999999996,12.5968992248062,13.953488372093014
2026-08-10,2353,觀察股,52.6,64.0,30.0,50.0,56.8,1.451612903225804,0.3225806451612949,4.193548387096765,2.7419354838709724
2026-08-10,2360,觀察股,52.5,44.0,37.0,50.0,69.8,16.25615763546798,1.9704433497536946,9.852216748768473,2.4630541871921183
2026-08-10,2105,觀察股,51.1,44.0,37.0,50.0,65.8,-2.9968454258675057,-0.7886435331230284,-3.1545741324921135,-3.6277602523659263
2026-08-10,3711,觀察股,50.9,54.0,45.0,50.0,52.0,-2.380952380952381,-6.031746031746032,-1.4285714285714286,12.698412698412698
2026-08-10,3008,觀察股,50.7,64.0,22.0,50.0,56.0,15.227272727272728,22.386363636363637,51.36363636363637,41.02272727272727
2026-08-10,2354,觀察股,50.0,35.0,45.0,50.0,65.8,-2.218700475435814,-4.120443740095089,4.120443740095089,4.912836767036452
2026-08-10,3034,觀察股,50.0,35.0,45.0,50.0,65.8,-6.4338235294117645,-0.3676470588235294,-0.7352941176470588,0.5514705882352942
2026-08-10,2330,觀察股,49.7,64.0,45.0,50.0,40.0,0.8403361344537815,-0.21008403361344538,3.361344537815126,5.46218487394958
2026-08-10,2883,觀察股,49.6,52.0,7.0,50.0,71.8,1.1272141706924246,-0.16103059581320678,19.00161030595814,18.84057971014492
2026-08-10,6415,觀察股,49.4,44.0,37.0,50.0,60.8,-2.4731182795698925,-3.225806451612903,-10.10752688172043,-11.182795698924732
2026-08-10,2884,觀察股,49.2,60.0,22.0,50.0,55.0,-0.13227513227512477,0.9259259259259297,15.211640211640212,19.97354497354499
2026-08-10,3036,觀察股,49.0,54.0,30.0,50.0,55.0,-10.91703056768559,-12.445414847161572,-15.938864628820962,-7.20524017467249
2026-08-10,2301,觀察股,49.0,35.0,45.0,50.0,62.8,-2.9465930018416207,5.70902394106814,10.128913443830571,4.788213627992634
2026-08-10,2881,觀察股,48.4,48.0,0.0,50.0,75.8,-2.3346303501945527,2.7237354085603114,16.342412451361866,17.120622568093385
2026-08-10,8046,觀察股,48.1,54.0,45.0,50.0,44.0,14.601769911504425,0.4424778761061947,-7.079646017699115,25.663716814159294
2026-08-10,2395,觀察股,48.1,39.0,45.0,50.0,56.8,1.0494752623688157,-1.3493253373313343,1.9490254872563717,8.395802098950526
2026-08-10,2474,觀察股,48.1,74.0,22.0,50.0,40.0,1.4925373134328357,1.7412935323383085,3.731343283582089,3.233830845771144
2026-08-10,2345,觀察股,47.6,45.0,30.0,50.0,59.0,5.773672055427252,-4.387990762124711,-3.0023094688221708,-12.240184757505773
2026-08-10,6505,觀察股,46.8,37.0,45.0,50.0,55.0,3.043478260869557,1.3043478260869648,15.507246376811597,36.52173913043479
2026-08-11,2603,強力候選,62.8,60.0,45.0,50.0,80.8,9.174311926605505,12.844036697247708,5.045871559633028,9.174311926605505
2026-08-11,2609,強力候選,59.8,64.0,45.0,50.0,68.8,8.076923076923084,22.30769230769231,10.192307692307686,13.076923076923071
2026-08-11,2408,強力候選,59.8,60.0,30.0,50.0,80.8,5.316973415132924,4.294478527607362,8.588957055214724,6.134969325153374
2026-08-11,3034,強力候選,58.9,60.0,45.0,50.0,69.8,-6.133828996282528,3.1598513011152414,-0.7434944237918215,1.6728624535315983
2026-08-11,3017,強力候選,58.6,60.0,45.0,50.0,68.8,9.96376811594203,6.884057971014493,19.021739130434785,27.173913043478258
2026-08-11,2379,強力候選,58.2,64.0,37.0,50.0,68.8,-8.419689119170984,-5.4404145077720205,-10.362694300518134,-1.2953367875647668
2026-08-11,2891,強力候選,58.2,60.0,22.0,50.0,80.8,-0.44910179640718134,-3.4431137724550855,2.0958083832335417,1.6467065868263604
2026-08-11,2354,強力候選,57.5,60.0,45.0,50.0,65.8,-4.465709728867631,-3.508771929824566,2.8708133971291816,5.582137161084529
2026-08-11,2301,強力候選,57.5,60.0,45.0,50.0,65.8,1.86219739292365,10.242085661080075,8.379888268156424,5.95903165735568
2026-08-11,2454,強力候選,57.4,60.0,30.0,55.0,71.8,-3.3582089552238807,-7.08955223880597,17.16417910447761,23.88059701492537
2026-08-11,2882,強力候選,57.1,64.0,37.0,50.0,65.8,-0.4016064257028027,3.413654618473901,13.955823293172697,10.943775100401613
2026-08-11,3711,強力候選,57.1,70.0,45.0,50.0,56.0,-4.769475357710652,-6.041335453100159,-1.7488076311605723,12.87758346581876
2026-08-11,6415,強力候選,57.0,64.0,45.0,50.0,60.8,-4.501607717041801,-3.215434083601286,-12.111468381564846,-11.468381564844588
2026-08-11,2395,強力候選,57.0,64.0,45.0,50.0,60.8,2.723146747352496,1.361573373676248,-0.6051437216338881,9.379727685325264
2026-08-11,2105,強力候選,56.9,44.0,45.0,50.0,77.8,-2.201257861635218,-1.4150943396226392,-3.773584905660375,-3.930817610062893
2026-08-11,1590,強力候選,56.8,60.0,45.0,50.0,63.8,-5.128205128205128,-6.41025641025641,-14.423076923076922,-24.03846153846154
2026-08-11,4938,強力候選,56.8,64.0,30.0,50.0,68.8,2.247191011235955,-0.2247191011235987,3.0337078651685423,1.348314606741576
2026-08-11,2002,強力候選,56.3,39.0,37.0,50.0,84.8,-4.050632911392409,-3.544303797468351,-3.291139240506322,-4.050632911392409
2026-08-11,2376,強力候選,55.9,60.0,37.0,50.0,65.8,-0.7132667617689016,-0.8559201141226819,1.8544935805991443,5.1355206847360915
2026-08-11,2615,強力候選,55.6,64.0,45.0,50.0,56.8,20.55109070034444,45.23536165327211,28.587830080367404,29.16188289322619
2026-08-11,2360,強力候選,55.4,64.0,37.0,50.0,60.8,10.817307692307693,-5.528846153846153,8.89423076923077,0.0
2026-08-11,2885,觀察股,54.8,64.0,15.0,50.0,71.8,-6.432748538011704,-8.771929824561413,3.216374269005831,-1.461988304093567
2026-08-11,8046,觀察股,54.1,74.0,45.0,50.0,44.0,8.26086956521739,0.8695652173913043,-10.869565217391305,23.47826086956522
2026-08-11,6669,觀察股,53.8,60.0,45.0,50.0,55.0,7.925801011804384,8.600337268128163,-60.53962900505903,-64.41821247892075
2026-08-11,2317,觀察股,52.8,60.0,37.0,50.0,56.8,-5.323193916349809,-7.604562737642586,-4.3726235741444865,-3.4220532319391634
2026-08-11,2353,觀察股,52.6,50.0,30.0,50.0,68.8,-1.610305958132045,0.0,0.0,2.5764895330112743
2026-08-11,3008,觀察股,51.8,64.0,22.0,50.0,59.0,21.469575200918484,31.343283582089555,49.25373134328358,42.47990815154994
2026-08-11,2357,觀察股,51.4,60.0,30.0,50.0,56.8,8.462455303933254,10.250297973778308,15.37544696066746,15.01787842669845
2026-08-11,2474,觀察股,51.2,64.0,22.0,81.2,44.0,-0.9708737864077669,-0.7281553398058253,-0.48543689320388345,0.7281553398058253
2026-08-11,3036,觀察股,51.1,54.0,37.0,55.0,55.0,-8.181818181818182,-9.772727272727273,-13.863636363636363,-3.4090909090909087
2026-08-11,2330,觀察股,50.4,64.0,45.0,55.0,40.0,-0.6263048016701461,0.20876826722338201,3.1315240083507305,4.801670146137787
2026-08-11,2308,觀察股,49.6,44.0,45.0,50.0,56.8,0.8310249307479225,-5.263157894736842,0.0,5.540166204986149
2026-08-11,1303,觀察股,49.2,70.0,37.0,50.0,38.0,5.263157894736842,-0.7894736842105263,23.684210526315788,33.68421052631579
2026-08-11,2883,觀察股,48.6,52.0,7.0,50.0,68.8,-0.32206119162641356,2.093397745571654,20.128824476650554,18.84057971014492
2026-08-11,6505,觀察股,48.2,37.0,45.0,50.0,59.0,1.2658227848101347,-0.1406469760900061,11.954992967651197,32.48945147679326
2026-08-11,2327,觀察股,48.1,44.0,30.0,55.0,59.0,-6.645056726094004,-11.831442463533225,-8.103727714748784,-2.4311183144246353
2026-08-11,2337,觀察股,47.8,50.0,30.0,50.0,55.0,-7.9245283018867925,-7.9245283018867925,-4.905660377358491,-8.679245283018867
2026-08-11,2881,觀察股,47.0,48.0,0.0,50.0,71.8,1.171875,10.546875,16.40625,17.578125
2026-08-11,2207,觀察股,46.7,40.0,45.0,50.0,52.0,0.19569471624266144,1.5655577299412915,4.6966731898238745,0.7827788649706457
2026-08-12,2105,強力候選,64.7,70.0,45.0,50.0,77.8,-3.2710280373831795,-2.180685358255461,-4.049844236760126,-4.828660436137073
2026-08-12,2330,強力候選,63.5,60.0,45.0,62.0,77.8,-2.691511387163561,0.0,2.070393374741201,3.9337474120082816
2026-08-12,2609,強力候選,62.9,64.0,45.0,50.0,77.8,14.119922630560922,11.411992263056089,13.152804642166338,13.733075435203082
2026-08-12,2603,強力候選,61.7,60.0,45.0,50.0,77.8,12.121212121212121,7.6923076923076925,9.090909090909092,10.955710955710956
2026-08-12,2354,強力候選,60.1,64.0,45.0,50.0,69.8,-3.4920634920634965,-2.380952380952381,2.380952380952381,5.079365079365084
2026-08-12,2408,強力候選,59.8,60.0,30.0,50.0,80.8,-0.31088082901554404,7.1502590673575135,8.393782383419689,7.564766839378239
2026-08-12,3017,強力候選,59.6,60.0,45.0,50.0,71.8,6.357388316151202,8.419243986254296,16.151202749140893,20.618556701030926
2026-08-12,2301,強力候選,59.6,60.0,45.0,50.0,71.8,5.394990366088632,18.304431599229286,12.716763005780345,9.633911368015415
2026-08-12,3034,強力候選,58.9,60.0,45.0,50.0,69.8,-0.5586592178770949,3.7243947858473,1.1173184357541899,1.86219739292365
2026-08-12,2395,強力候選,58.6,60.0,45.0,50.0,68.8,1.1661807580174928,0.2915451895043732,-4.810495626822157,5.393586005830904
2026-08-12,2474,強力候選,57.7,64.0,22.0,57.5,72.8,-0.4878048780487805,0.7317073170731708,0.4878048780487805,1.2195121951219512
2026-08-12,2317,強力候選,57.0,60.0,37.0,50.0,68.8,-9.25925925925926,-8.703703703703704,-6.666666666666667,-5.9259259259259265
2026-08-12,2379,強力候選,57.0,60.0,37.0,50.0,68.8,-3.6553524804177546,-4.177545691906006,-7.963446475195822,-0.5221932114882507
2026-08-12,2353,強力候選,56.8,50.0,30.0,50.0,80.8,-2.6771653543307132,-1.102362204724414,0.15748031496063214,0.3149606299212643
2026-08-12,2337,強力候選,56.8,50.0,30.0,50.0,80.8,-12.82051282051282,-8.058608058608058,-7.326007326007327,-11.355311355311356
2026-08-12,2891,強力候選,56.1,60.0,22.0,50.0,74.8,-2.5525525525525357,-3.0030030030030033,0.0,1.951951951951969
2026-08-12,2376,強力候選,55.9,60.0,37.0,50.0,65.8,-7.1904127829560585,-6.391478029294275,-6.92410119840213,-1.8641810918774968
2026-08-12,4938,強力候選,55.6,60.0,30.0,50.0,68.8,-2.1881838074398248,-2.297592997811825,-0.32822757111598616,-1.312910284463898
2026-08-12,2615,強力候選,55.6,64.0,45.0,50.0,56.8,22.27324913892079,32.032146957520105,33.18025258323767,29.16188289322619
2026-08-12,2360,強力候選,55.4,64.0,37.0,50.0,60.8,-3.416856492027335,-9.79498861047836,6.378132118451026,-5.239179954441914
2026-08-12,8046,強力候選,55.2,60.0,45.0,50.0,59.0,-6.719367588932807,-6.719367588932807,-12.25296442687747,12.25296442687747
2026-08-12,2357,觀察股,54.5,60.0,30.0,50.0,65.8,8.568075117370892,13.96713615023474,14.906103286384976,13.262910798122066
2026-08-12,2454,觀察股,54.5,60.0,30.0,50.0,65.8,-4.2341220423412205,-1.7434620174346203,15.193026151930262,24.03486924034869
2026-08-12,6669,觀察股,54.4,60.0,45.0,50.0,56.8,5.809128630705394,12.614107883817427,-61.41078838174274,-64.97925311203319
2026-08-12,6415,觀察股,54.0,54.0,45.0,50.0,60.8,-2.0044543429844097,4.4543429844097995,-7.126948775055679,-8.017817371937639
2026-08-12,2308,觀察股,53.9,64.0,45.0,50.0,52.0,-1.3966480446927374,-2.2346368715083798,0.27932960893854747,6.424581005586592
2026-08-12,3711,觀察股,53.8,60.0,45.0,50.0,55.0,-5.314009661835748,-4.669887278582931,3.059581320450886,14.331723027375201
2026-08-12,1590,觀察股,53.7,60.0,45.0,50.0,54.8,-8.77742946708464,-7.836990595611286,-16.614420062695924,-25.705329153605017
2026-08-12,2882,觀察股,52.8,60.0,37.0,50.0,56.8,-1.4042126379137467,2.8084252758274793,10.83249749247743,10.83249749247743
2026-08-12,1303,觀察股,52.2,60.0,37.0,57.5,52.0,-0.7936507936507936,9.523809523809524,25.132275132275133,34.39153439153439
2026-08-12,3008,觀察股,51.8,64.0,22.0,50.0,59.0,21.046892039258452,37.18647764449291,49.836423118865866,35.33260632497274
2026-08-12,2002,觀察股,51.0,39.0,37.0,50.0,69.8,-4.050632911392409,-2.025316455696195,-2.5316455696202533,-4.050632911392409
2026-08-12,3036,觀察股,50.3,50.0,37.0,58.0,55.0,-7.35632183908046,-9.655172413793103,-11.954022988505747,-2.2988505747126435
2026-08-12,2207,觀察股,46.6,35.0,45.0,50.0,56.0,0.3968253968253968,3.7698412698412698,5.158730158730158,2.1825396825396823
2026-08-12,2382,觀察股,46.3,44.0,30.0,50.0,56.0,1.6897081413210446,2.1505376344086025,5.0691244239631335,2.61136712749616
2026-08-12,2885,觀察股,46.3,60.0,15.0,50.0,50.8,-8.892128279883375,-8.45481049562682,1.6034985422740649,-1.7492711370262224
2026-08-13,2301,強力候選,63.9,60.0,45.0,69.2,75.8,-0.927643784786642,11.688311688311687,7.977736549165121,5.565862708719852
2026-08-13,2330,強力候選,61.7,60.0,45.0,50.0,77.8,-2.4640657084188913,-1.0266940451745379,0.6160164271047228,3.0800821355236137
2026-08-13,4938,強力候選,60.5,64.0,30.0,68.0,71.8,-5.379746835443032,-5.696202531645561,-4.008438818565398,-4.85232067510548
2026-08-13,2354,強力候選,60.1,64.0,45.0,50.0,69.8,-4.140127388535023,2.5477707006369563,3.503184713375801,5.414012738853512
2026-08-13,2603,強力候選,59.8,64.0,45.0,50.0,68.8,14.153132250580047,7.888631090487238,7.192575406032482,10.440835266821345
2026-08-13,2360,強力候選,59.6,64.0,37.0,50.0,72.8,-6.956521739130435,-13.478260869565217,-5.217391304347826,-9.565217391304348
2026-08-13,3034,強力候選,58.9,60.0,45.0,50.0,69.8,-2.0446096654275094,1.858736059479554,1.3011152416356877,1.6728624535315983
2026-08-13,2882,強力候選,58.0,60.0,37.0,50.0,71.8,-1.8090452261306504,3.015075376884422,11.055276381909549,11.055276381909549
2026-08-13,6669,強力候選,57.5,60.0,45.0,50.0,65.8,4.200988467874795,12.273476112026358,-61.3673805601318,-65.23887973640856
2026-08-13,2376,強力候選,57.3,60.0,37.0,50.0,69.8,-12.579415501905972,-12.325285895806863,-10.673443456162643,-6.353240152477764
2026-08-13,6415,強力候選,57.1,54.0,45.0,50.0,69.8,-3.655913978494624,1.1827956989247312,-12.903225806451612,-11.182795698924732
2026-08-13,2609,強力候選,56.8,54.0,45.0,50.0,68.8,17.31517509727626,12.645914396887159,12.840466926070043,14.396887159533073
2026-08-13,2337,強力候選,56.8,50.0,30.0,50.0,80.8,-10.622710622710622,-6.593406593406594,-10.256410256410255,-11.355311355311356
2026-08-13,2353,強力候選,56.8,50.0,30.0,50.0,80.8,-1.7432646592710006,-1.1093502377179125,-0.15847860538827482,0.9508716323296378
2026-08-13,2883,強力候選,56.7,64.0,7.0,50.0,81.8,-3.4920634920634965,2.063492063492059,18.095238095238102,17.14285714285714
2026-08-13,2474,強力候選,56.6,64.0,22.0,50.0,72.8,0.49261083743842365,2.2167487684729066,0.49261083743842365,2.2167487684729066
2026-08-13,3711,強力候選,56.4,64.0,45.0,50.0,59.0,-5.7507987220447285,-3.3546325878594248,3.8338658146964857,13.418530351437699
2026-08-13,2615,強力候選,55.6,64.0,45.0,50.0,56.8,29.714285714285715,29.714285714285715,26.285714285714285,28.57142857142857
2026-08-13,2408,強力候選,55.6,60.0,30.0,50.0,68.8,0.5836575875486382,5.252918287937743,0.19455252918287938,0.9727626459143969
2026-08-13,3017,觀察股,54.7,35.0,45.0,58.0,75.8,-6.71875,4.375,8.125,9.6875
2026-08-13,2891,觀察股,54.5,60.0,30.0,50.0,65.8,-4.661654135338348,-4.0601503759398545,1.2030075187969882,2.1052631578947456
2026-08-13,2454,觀察股,54.5,60.0,30.0,50.0,65.8,-12.42603550295858,-8.520710059171597,11.715976331360947,17.869822485207102
2026-08-13,8046,觀察股,54.1,60.0,45.0,50.0,56.0,-1.646090534979424,6.584362139917696,-11.934156378600823,16.872427983539097
2026-08-13,2002,觀察股,54.0,64.0,37.0,50.0,56.8,0.7812500000000111,-0.2604166666666704,-0.5208333333333223,-1.3020833333333335
2026-08-13,1590,觀察股,53.7,60.0,45.0,50.0,54.8,-3.4013605442176873,0.6802721088435374,-11.224489795918368,-19.387755102040817
2026-08-13,1303,觀察股,53.4,64.0,37.0,50.0,55.0,-1.5873015873015872,20.37037037037037,29.100529100529098,34.39153439153439
2026-08-13,2303,觀察股,52.7,44.0,45.0,50.0,65.8,-7.228915662650602,-4.819277108433735,14.457831325301203,29.71887550200803
2026-08-13,2382,觀察股,52.3,64.0,30.0,50.0,56.0,0.6153846153846154,2.6153846153846154,3.3846153846153846,2.769230769230769
2026-08-13,2379,觀察股,51.1,60.0,37.0,50.0,52.0,-7.255936675461741,-3.6939313984168867,-8.179419525065963,0.5277044854881267
2026-08-13,2395,觀察股,51.1,35.0,45.0,50.0,68.8,-3.5816618911174785,-3.29512893982808,-5.587392550143266,3.5816618911174785
2026-08-13,2327,觀察股,51.1,60.0,30.0,50.0,56.0,-15.105740181268882,-16.1631419939577,-13.595166163141995,-9.06344410876133
2026-08-13,2207,觀察股,50.5,48.0,45.0,50.0,56.0,-3.0534351145038165,0.5725190839694656,0.7633587786259541,-1.717557251908397
2026-08-13,3008,觀察股,50.4,64.0,22.0,50.0,55.0,18.34763948497854,48.39055793991417,44.20600858369099,33.15450643776824
2026-08-13,2317,觀察股,50.0,60.0,37.0,70.8,40.0,-5.916030534351145,-3.816793893129771,-4.198473282442748,-3.0534351145038165
2026-08-13,2308,觀察股,49.7,50.0,45.0,50.0,52.0,-7.427055702917771,-6.10079575596817,-11.140583554376658,1.0610079575596816
2026-08-13,2892,觀察股,49.1,25.0,22.0,50.0,84.8,0.45248868778280116,0.6033182503770825,14.630467571644045,16.742081447963812
2026-08-13,2105,觀察股,48.2,45.0,45.0,50.0,52.0,2.605863192182413,1.3029315960912122,-0.3257328990227944,-0.4885993485341973
2026-08-13,2881,觀察股,47.0,48.0,0.0,50.0,71.8,-0.38910505836575876,10.116731517509727,15.56420233463035,17.120622568093385
2026-08-14,2330,強力候選,61.7,60.0,45.0,50.0,77.8,0.6263048016701461,1.0438413361169103,0.6263048016701461,4.801670146137787
2026-08-14,2609,強力候選,59.8,64.0,45.0,50.0,68.8,24.03100775193798,8.914728682170544,15.116279069767435,13.953488372093014
2026-08-14,2301,強力候選,59.6,60.0,45.0,50.0,71.8,-2.247191011235955,18.91385767790262,3.7453183520599254,6.5543071161048685
2026-08-14,2360,強力候選,58.2,64.0,37.0,50.0,68.8,-8.695652173913043,-12.608695652173912,-6.086956521739131,-9.565217391304348
2026-08-14,4938,強力候選,58.0,60.0,30.0,50.0,75.8,-6.540084388185657,-6.645569620253161,-4.008438818565398,-4.85232067510548
2026-08-14,2354,強力候選,57.5,60.0,45.0,50.0,65.8,-3.6799999999999957,2.239999999999998,5.1200000000000045,5.920000000000004
2026-08-14,6669,強力候選,57.5,60.0,45.0,50.0,65.8,-2.797202797202797,11.888111888111888,-64.1025641025641,-67.2105672105672
2026-08-14,2376,強力候選,57.3,60.0,37.0,50.0,69.8,-14.59119496855346,-12.20125786163522,-12.20125786163522,-7.29559748427673
2026-08-14,2353,強力候選,56.8,50.0,30.0,50.0,80.8,-4.953560371517022,-4.4891640866872935,-3.7151702786377583,-1.393188854489151
2026-08-14,2337,強力候選,56.8,50.0,30.0,50.0,80.8,-10.583941605839415,-7.664233576642336,-13.138686131386862,-11.678832116788321
2026-08-14,2474,強力候選,56.5,60.0,22.0,57.5,72.8,-0.4889975550122249,0.9779951100244498,-0.24449877750611246,1.466992665036675
2026-08-14,3034,強力候選,56.0,55.0,45.0,50.0,65.8,3.515625,6.4453125,6.8359375,6.8359375
2026-08-14,2303,強力候選,56.0,55.0,45.0,50.0,65.8,-3.71900826446281,7.43801652892562,16.115702479338843,33.47107438016529
2026-08-14,1590,強力候選,55.8,60.0,45.0,50.0,60.8,-1.7123287671232876,-3.0821917808219177,-11.986301369863012,-18.835616438356166
2026-08-14,6415,強力候選,55.7,54.0,45.0,50.0,65.8,-7.187499999999999,-4.583333333333333,-16.458333333333332,-13.958333333333334
2026-08-14,2891,觀察股,54.8,50.0,30.0,58.0,71.8,-1.2158054711246158,-2.127659574468072,1.9756838905775034,3.1914893617021405
2026-08-14,2454,觀察股,54.5,60.0,30.0,50.0,65.8,-9.97624703087886,-5.344418052256532,8.907363420427554,18.28978622327791
2026-08-14,3711,觀察股,53.8,60.0,45.0,50.0,55.0,-4.707792207792208,0.8116883116883116,0.3246753246753247,15.259740259740258
2026-08-14,2882,觀察股,53.6,60.0,15.0,50.0,71.8,-0.9852216748768473,3.9408866995073892,8.866995073891626,8.866995073891626
2026-08-14,2408,觀察股,53.5,60.0,30.0,50.0,62.8,3.125,5.46875,-3.7109375,1.3671875
2026-08-14,2002,觀察股,52.7,55.0,37.0,50.0,60.8,2.368421052631575,0.2631578947368458,-0.5263157894736916,-0.2631578947368458
2026-08-14,1303,觀察股,52.2,60.0,37.0,50.0,55.0,-7.46987951807229,6.265060240963856,13.012048192771083,22.40963855421687
2026-08-14,2327,觀察股,52.2,54.0,30.0,69.2,56.0,-10.932475884244374,-4.019292604501608,-12.540192926045016,-3.215434083601286
2026-08-14,3017,觀察股,52.1,35.0,45.0,50.0,71.8,-11.437403400309119,3.863987635239567,4.1731066460587325,8.500772797527048
2026-08-14,8046,觀察股,52.0,60.0,45.0,50.0,50.0,-13.026819923371647,-4.980842911877394,-17.24137931034483,8.812260536398467
2026-08-14,2883,觀察股,52.0,60.0,7.0,50.0,71.8,-0.3159557661927263,3.475513428120068,19.589257503949455,16.587677725118485
2026-08-14,2395,觀察股,51.1,35.0,45.0,50.0,68.8,-4.978038067349927,-2.049780380673499,-1.3177159590043925,5.856515373352855
2026-08-14,2603,觀察股,51.1,35.0,45.0,50.0,68.8,14.840182648401825,5.707762557077626,7.077625570776255,8.67579908675799
2026-08-14,3008,觀察股,50.4,64.0,22.0,50.0,55.0,21.69197396963124,53.253796095444685,44.46854663774403,34.598698481561826
2026-08-14,2892,觀察股,50.1,33.0,22.0,50.0,80.8,0.8995502248875477,3.1484257871064383,16.64167916041978,16.041979010494757
2026-08-14,2308,觀察股,49.7,50.0,45.0,50.0,52.0,-7.161803713527852,-2.9177718832891246,-14.058355437665782,1.0610079575596816
2026-08-14,2105,觀察股,49.6,45.0,45.0,50.0,56.0,3.782894736842112,0.4934210526315859,0.0,0.4934210526315859
2026-08-14,2379,觀察股,49.6,55.0,37.0,50.0,52.0,-0.9708737864077669,0.13869625520110956,-2.3578363384188625,5.6865464632454925
2026-08-14,2382,觀察股,49.3,54.0,30.0,50.0,56.0,-1.8320610687022902,1.5267175572519083,2.7480916030534353,1.984732824427481
2026-08-14,6505,觀察股,48.2,37.0,45.0,50.0,59.0,6.911142454160777,0.7052186177715091,17.912552891396317,32.86318758815232
2026-08-14,2615,觀察股,48.1,39.0,45.0,50.0,56.8,37.41721854304637,23.068432671081684,23.620309050772633,24.172185430463582
2026-08-14,2207,觀察股,48.1,40.0,45.0,50.0,56.0,0.7782101167315175,1.1673151750972763,3.11284046692607,0.19455252918287938
2026-08-14,1326,觀察股,47.5,37.0,45.0,50.0,56.8,-0.6611570247933861,2.644628099173556,16.033057851239676,11.900826446280997
2026-08-14,2317,觀察股,46.9,60.0,37.0,50.0,40.0,-5.394990366088632,-2.5048169556840074,-4.431599229287091,-2.119460500963391
2026-08-14,2885,觀察股,46.3,60.0,15.0,50.0,50.8,-8.177905308464853,-8.177905308464853,0.4304160688665669,-3.29985652797704
2026-08-17,2330,強力候選,59.6,60.0,45.0,50.0,71.8,-1.0416666666666665,0.20833333333333334,-0.8333333333333334,4.583333333333333
2026-08-17,4938,強力候選,58.0,60.0,30.0,50.0,75.8,-1.1074197120708749,0.8859357696566967,-0.1107419712070812,-0.1107419712070812
2026-08-17,2360,強力候選,57.0,60.0,37.0,50.0,68.8,-12.288135593220339,-16.94915254237288,-9.322033898305085,-11.864406779661017
2026-08-17,2337,強力候選,56.8,50.0,30.0,50.0,80.8,-4.247104247104247,-2.7027027027027026,-10.424710424710424,-6.563706563706563
2026-08-17,2376,強力候選,55.9,60.0,37.0,50.0,65.8,-4.748603351955307,0.0,-3.910614525139665,2.9329608938547485
2026-08-17,3017,強力候選,55.3,35.0,45.0,50.0,80.8,-9.365079365079366,8.73015873015873,5.079365079365079,11.428571428571429
2026-08-17,6415,觀察股,54.5,50.0,45.0,50.0,65.8,-0.7717750826901874,-9.040793825799339,-8.710033076074973,-8.930540242557882
2026-08-17,1590,觀察股,54.4,60.0,45.0,50.0,56.8,-2.04778156996587,-2.7303754266211606,-13.310580204778159,-19.112627986348123
2026-08-17,2382,觀察股,54.0,50.0,30.0,50.0,72.8,-2.548725637181409,1.4992503748125936,-0.29985007496251875,0.14992503748125938
2026-08-17,2891,觀察股,53.6,50.0,30.0,50.0,71.8,-3.0487804878048674,-1.3719512195121824,3.810975609756098,3.5060975609756273
2026-08-17,1301,觀察股,52.5,54.0,29.0,50.0,65.8,-3.553299492385789,12.013536379018614,6.4297800338409425,13.028764805414545
2026-08-17,2301,觀察股,52.1,35.0,45.0,50.0,71.8,8.918406072106261,15.749525616698293,5.313092979127135,7.969639468690702
2026-08-17,2882,觀察股,52.1,55.0,15.0,50.0,71.8,0.8154943934760566,12.640163098878702,14.678899082568813,12.640163098878702
2026-08-17,2353,觀察股,51.5,50.0,30.0,50.0,65.8,-1.112877583465812,0.15898251192369067,-0.15898251192369067,1.271860095389514
2026-08-17,2885,觀察股,51.5,60.0,15.0,50.0,65.8,-8.63836017569546,-4.245973645680808,3.6603221083455346,-1.3177159590043799
2026-08-17,3711,觀察股,51.4,50.0,45.0,50.0,56.8,-3.7398373983739837,-5.040650406504065,-0.4878048780487805,15.447154471544716
2026-08-17,2609,觀察股,51.1,35.0,45.0,50.0,68.8,17.915904936014616,8.775137111517362,8.409506398537467,7.495429616087741
2026-08-17,2603,觀察股,51.1,35.0,45.0,50.0,68.8,8.207343412526997,0.8639308855291578,2.375809935205184,2.8077753779697625
2026-08-17,1326,觀察股,50.6,37.0,45.0,50.0,65.8,-3.709949409780769,15.177065767284992,13.996627318718376,14.165261382799335
2026-08-17,6669,觀察股,50.0,35.0,45.0,50.0,65.8,-4.833836858006042,7.175226586102719,-65.70996978851964,-68.12688821752266
2026-08-17,2395,觀察股,50.0,35.0,45.0,50.0,65.8,-2.3738872403560833,0.44510385756676557,-0.5934718100890208,7.270029673590504
2026-08-17,2354,觀察股,50.0,35.0,45.0,50.0,65.8,-1.944894651539713,4.862236628849271,4.862236628849271,7.293354943273905
2026-08-17,2303,觀察股,49.9,45.0,45.0,50.0,56.8,1.646090534979424,6.172839506172839,17.28395061728395,32.92181069958848
2026-08-17,2317,觀察股,49.8,50.0,37.0,50.0,56.8,-4.509803921568627,-1.9607843137254901,-2.549019607843137,-0.39215686274509803
2026-08-17,2105,觀察股,49.6,45.0,45.0,50.0,56.0,2.27642276422764,0.48780487804877587,-1.9512195121951263,-0.6504065040650383
2026-08-17,2327,觀察股,49.3,54.0,30.0,50.0,56.0,-9.375,-10.361842105263158,-10.361842105263158,-0.9868421052631579
2026-08-17,2207,觀察股,49.3,44.0,45.0,50.0,56.0,1.3592233009708738,-0.3883495145631068,4.466019417475728,0.0
2026-08-17,2883,觀察股,48.4,60.0,15.0,50.0,56.8,-1.2738853503184668,7.802547770700646,23.56687898089172,17.515923566878982
2026-08-17,2408,觀察股,48.1,35.0,30.0,50.0,68.8,-4.3893129770992365,3.6259541984732824,-9.732824427480915,-0.9541984732824428
2026-08-17,2474,觀察股,47.9,35.0,22.0,50.0,72.8,0.24509803921568626,2.2058823529411766,0.7352941176470588,1.715686274509804
2026-08-17,2357,觀察股,47.0,35.0,30.0,50.0,65.8,-1.5991471215351813,6.50319829424307,-0.42643923240938164,2.878464818763326
2026-08-17,6505,觀察股,46.8,37.0,45.0,50.0,55.0,-1.687763713080153,3.3755274261603456,16.45569620253165,32.48945147679326
2026-08-17,8046,觀察股,46.6,35.0,45.0,50.0,56.0,-12.355212355212355,-5.019305019305019,-18.53281853281853,9.652509652509652
2026-08-17,3036,觀察股,46.2,45.0,37.0,50.0,50.8,-1.715686274509804,-3.9215686274509802,-5.88235294117647,4.166666666666666
2026-08-18,4938,強力候選,58.0,60.0,30.0,50.0,75.8,-2.417582417582421,0.0,-2.96703296703297,-0.879120879120876
2026-08-18,2376,強力候選,56.5,55.0,37.0,50.0,71.8,-0.14367816091954022,3.1609195402298855,-1.4367816091954022,5.890804597701149
2026-08-18,2330,強力候選,55.6,60.0,45.0,58.0,56.8,0.8403361344537815,2.5210084033613445,0.21008403361344538,5.46218487394958
2026-08-18,1301,強力候選,55.4,74.0,29.0,50.0,56.8,-1.8675721561969463,15.110356536502545,5.263157894736844,13.412563667232597
2026-08-18,3017,強力候選,55.3,35.0,45.0,50.0,80.8,-2.800658978583196,12.355848434925864,2.6359143327841847,15.650741350906095
2026-08-18,2382,觀察股,54.8,54.0,30.0,50.0,71.8,0.45871559633027525,4.587155963302752,1.834862385321101,2.1406727828746175
2026-08-18,2357,觀察股,54.5,60.0,30.0,50.0,65.8,1.6483516483516485,10.989010989010989,1.9780219780219779,6.043956043956044
2026-08-18,2603,觀察股,54.2,35.0,45.0,50.0,77.8,3.361344537815126,0.0,-1.8907563025210083,0.0
2026-08-18,2360,觀察股,53.7,35.0,37.0,50.0,80.8,-14.75054229934924,-11.930585683297181,-9.761388286334057,-9.761388286334057
2026-08-18,2882,觀察股,53.6,60.0,15.0,50.0,71.8,3.83064516129032,11.895161290322577,10.887096774193546,11.39112903225806
2026-08-18,2353,觀察股,53.6,50.0,30.0,50.0,71.8,1.6366612111292964,3.927986906710309,1.1456628477905004,4.255319148936172
2026-08-18,2609,觀察股,52.5,35.0,45.0,50.0,72.8,13.167259786476865,2.4911032028469724,4.626334519572944,4.626334519572944
2026-08-18,2301,觀察股,52.1,35.0,45.0,50.0,71.8,8.226691042047532,9.87202925045704,0.18281535648994515,4.021937842778794
2026-08-18,6415,觀察股,51.4,50.0,45.0,50.0,56.8,1.3468013468013467,-6.0606060606060606,-8.866442199775532,-7.295173961840629
2026-08-18,2105,觀察股,51.1,50.0,45.0,50.0,56.0,0.8038585209003215,0.16077170418005515,-3.536977491961419,-1.7684887459807095
2026-08-18,2615,觀察股,50.0,35.0,45.0,50.0,65.8,20.476190476190474,9.047619047619047,6.666666666666667,7.142857142857142
2026-08-18,2395,觀察股,50.0,35.0,45.0,50.0,65.8,-1.3254786450662739,4.712812960235641,0.8836524300441826,6.480117820324007
2026-08-18,2303,觀察股,49.9,45.0,45.0,50.0,56.8,5.042016806722689,11.344537815126051,16.386554621848738,35.714285714285715
2026-08-18,2408,觀察股,49.1,35.0,30.0,50.0,71.8,-0.9708737864077669,0.5825242718446602,-9.611650485436893,0.7766990291262136
2026-08-18,1303,觀察股,48.4,35.0,37.0,50.0,65.8,-5.75,17.25,10.75,27.0
2026-08-18,6669,觀察股,48.3,35.0,45.0,50.0,60.8,0.625,21.875,-63.828125,-67.03125
2026-08-18,3008,觀察股,47.9,35.0,22.0,50.0,72.8,8.128544423440454,43.28922495274102,14.46124763705104,17.296786389413988
2026-08-18,2327,觀察股,47.6,45.0,30.0,50.0,59.0,-5.555555555555555,-1.3888888888888888,-6.770833333333333,4.513888888888888
2026-08-18,2474,觀察股,47.6,35.0,22.0,57.5,68.8,0.24509803921568626,4.6568627450980395,-0.24509803921568626,1.715686274509804
2026-08-18,1326,觀察股,47.5,37.0,45.0,50.0,56.8,-2.3569023569023546,25.08417508417508,10.774410774410773,13.973063973063981
2026-08-18,2881,觀察股,47.0,48.0,0.0,50.0,71.8,9.266409266409266,11.96911196911197,16.602316602316602,16.216216216216218
2026-08-18,2354,觀察股,46.9,35.0,45.0,50.0,56.8,1.0016694490818054,10.016694490818043,7.846410684474117,10.51752921535894
2026-08-18,2337,觀察股,46.9,45.0,30.0,50.0,56.8,0.0,0.4098360655737705,-6.147540983606557,-0.819672131147541
2026-08-18,6505,觀察股,46.8,37.0,45.0,50.0,55.0,-1.3888888888888888,6.527777777777782,15.138888888888896,30.833333333333336
2026-08-18,8046,觀察股,46.6,35.0,45.0,50.0,56.0,-6.827309236947792,-1.6064257028112447,-12.851405622489958,14.056224899598394
2026-08-18,1590,觀察股,46.3,40.0,45.0,50.0,50.8,-1.3513513513513513,-2.364864864864865,-13.513513513513514,-19.93243243243243
2026-08-18,2207,觀察股,46.0,29.0,45.0,58.0,56.0,1.3671875,1.171875,3.515625,0.5859375
2026-08-19,2376,觀察股,59.4,60.0,37.0,50.0,75.8,0.860832137733142,3.7302725968436152,0.430416068866571,5.738880918220947
2026-08-19,2360,觀察股,58.2,50.0,37.0,50.0,80.8,-6.60377358490566,-6.839622641509433,-1.4150943396226416,-1.8867924528301887
2026-08-19,4938,觀察股,55.6,60.0,30.0,50.0,68.8,-0.11185682326622878,2.572706935123039,-0.44742729306488327,0.8948545861297506
2026-08-19,2609,觀察股,55.6,35.0,45.0,50.0,81.8,-2.372881355932201,-2.5423728813559325,2.0338983050847506,-0.33898305084746244
2026-08-19,3017,觀察股,55.3,35.0,45.0,50.0,80.8,1.938610662358643,6.946688206785137,2.5848142164781907,13.408723747980615
2026-08-19,2603,觀察股,55.3,35.0,45.0,50.0,80.8,-3.9501039501039505,-2.494802494802495,-0.6237006237006237,-1.0395010395010396
2026-08-19,2615,觀察股,52.1,35.0,45.0,50.0,71.8,7.981220657276995,5.164319248826291,7.981220657276995,5.633802816901409
2026-08-19,2301,觀察股,52.1,35.0,45.0,50.0,71.8,12.248628884826324,15.173674588665447,1.2797074954296161,4.021937842778794
2026-08-19,3711,觀察股,50.9,45.0,45.0,50.0,59.8,0.6802721088435374,0.17006802721088435,2.891156462585034,20.74829931972789
2026-08-19,2395,觀察股,50.0,35.0,45.0,50.0,65.8,-0.8645533141210375,-0.2881844380403458,0.1440922190201729,4.178674351585014
2026-08-19,6415,觀察股,49.9,45.0,45.0,50.0,56.8,6.59090909090909,-3.1818181818181817,-4.886363636363637,-6.136363636363637
2026-08-19,2330,觀察股,49.9,45.0,45.0,50.0,56.8,2.7659574468085104,1.4893617021276597,1.276595744680851,6.808510638297872
2026-08-19,1301,觀察股,49.7,55.0,29.0,50.0,56.8,5.809859154929585,17.605633802816904,9.859154929577468,17.605633802816904
2026-08-19,2382,觀察股,49.3,25.0,30.0,50.0,80.8,0.4531722054380665,1.812688821752266,2.8700906344410875,0.906344410876133
2026-08-19,2308,觀察股,49.3,50.0,45.0,50.0,50.8,-0.84985835694051,-1.9830028328611897,-3.1161473087818696,7.932011331444759
2026-08-19,2408,觀察股,49.1,35.0,30.0,50.0,71.8,7.484407484407485,7.6923076923076925,2.390852390852391,7.900207900207901
2026-08-19,2454,觀察股,48.4,50.0,30.0,50.0,56.8,2.600780234070221,11.183355006501952,17.815344603381014,29.518855656697006
2026-08-19,2891,觀察股,48.4,50.0,30.0,50.0,56.8,-0.46224961479200516,2.6194144838212456,9.090909090909078,4.622496147919876
2026-08-19,2105,觀察股,48.1,40.0,45.0,50.0,56.0,1.1272141706924246,-0.32206119162641356,-3.7037037037037104,-1.610305958132045
2026-08-19,3008,觀察股,47.9,35.0,22.0,50.0,72.8,13.333333333333334,40.72072072072072,12.162162162162163,11.801801801801801
2026-08-19,6505,觀察股,47.5,37.0,45.0,50.0,56.8,0.28490028490028896,12.108262108262108,14.672364672364669,34.18803418803419
2026-08-19,2886,觀察股,47.4,33.0,14.0,50.0,77.8,-0.9564293304994597,4.144527098831037,8.182784272051013,3.825717321997884
2026-08-19,2892,觀察股,47.3,33.0,29.0,50.0,68.8,-0.5952380952381037,7.886904761904757,19.047619047619044,15.178571428571432
2026-08-19,3034,觀察股,47.2,38.0,45.0,50.0,55.0,4.307116104868914,1.6853932584269662,2.6217228464419478,2.4344569288389515
2026-08-19,2357,觀察股,47.0,35.0,30.0,50.0,65.8,4.972972972972973,9.18918918918919,1.5135135135135136,4.324324324324325
2026-08-19,2354,觀察股,46.9,35.0,45.0,50.0,56.8,1.151315789473689,9.046052631578947,7.236842105263168,8.88157894736843
2026-08-19,2303,觀察股,46.9,35.0,45.0,50.0,56.8,6.926406926406926,9.090909090909092,22.943722943722943,39.82683982683983
2026-08-19,2337,觀察股,46.9,45.0,30.0,50.0,56.8,5.46218487394958,3.361344537815126,0.0,1.680672268907563
2026-08-19,6669,觀察股,46.9,35.0,45.0,50.0,56.8,6.431372549019608,-59.05882352941176,-66.03921568627452,-66.90196078431373
2026-08-19,2327,觀察股,46.2,45.0,30.0,50.0,55.0,-6.770833333333333,-6.25,-6.944444444444445,4.513888888888888
2026-08-19,2353,觀察股,46.1,25.0,30.0,50.0,71.8,1.6181229773462786,4.045307443365696,3.559870550161817,3.0744336569579382
2026-08-20,4938,觀察股,57.0,60.0,30.0,50.0,72.8,-0.3344481605351139,0.7803790412486096,0.7803790412486096,0.5574136008918618
2026-08-20,2609,觀察股,55.6,35.0,45.0,50.0,81.8,-3.98009950248756,-4.1459369817578775,2.8192371475953615,-2.4875621890547266
2026-08-20,3017,觀察股,55.3,35.0,45.0,50.0,80.8,11.892797319932999,10.552763819095476,6.700167504187604,17.587939698492463
2026-08-20,2603,觀察股,55.3,35.0,45.0,50.0,80.8,-5.487804878048781,-2.8455284552845526,-1.4227642276422763,-3.2520325203252036
2026-08-20,2357,觀察股,54.5,60.0,30.0,50.0,65.8,6.024096385542169,6.352683461117197,3.8335158817086525,5.695509309967141
2026-08-20,2354,觀察股,54.4,60.0,45.0,50.0,56.8,6.976744186046516,5.813953488372093,10.132890365448494,9.966777408637874
2026-08-20,2105,觀察股,54.1,60.0,45.0,50.0,56.0,-1.2698412698412653,-2.539682539682542,-4.444444444444439,-3.0158730158730136
2026-08-20,2301,觀察股,53.5,35.0,45.0,50.0,75.8,12.734082397003746,11.985018726591761,4.119850187265917,6.5543071161048685
2026-08-20,2353,觀察股,52.6,50.0,30.0,50.0,68.8,0.6451612903225784,0.8064516129032258,4.5161290322580605,2.7419354838709724
2026-08-20,6415,觀察股,52.6,50.0,45.0,58.0,56.8,5.022321428571429,-8.258928571428571,-8.258928571428571,-7.8125
2026-08-20,2615,觀察股,52.1,35.0,45.0,50.0,71.8,0.0,1.762114537444934,6.167400881057269,-0.881057268722467
2026-08-20,3045,觀察股,51.5,74.0,22.0,50.0,49.8,0.43478260869565216,2.608695652173913,7.82608695652174,6.086956521739131
2026-08-20,1301,觀察股,51.2,60.0,29.0,50.0,56.8,9.169550173010387,13.667820069204161,11.764705882352937,15.570934256055363
2026-08-20,3711,觀察股,50.9,45.0,45.0,50.0,59.8,2.5423728813559325,-0.1694915254237288,4.067796610169491,20.33898305084746
2026-08-20,3034,觀察股,50.9,38.0,45.0,50.0,65.8,3.984819734345351,0.0,3.415559772296015,3.795066413662239
2026-08-20,2360,觀察股,50.8,50.0,37.0,50.0,59.8,-7.009345794392523,-5.841121495327103,-2.570093457943925,-2.803738317757009
2026-08-20,1303,觀察股,50.7,60.0,37.0,50.0,50.8,22.311827956989248,18.817204301075268,26.881720430107524,36.55913978494624
2026-08-20,2408,觀察股,50.3,35.0,30.0,58.0,71.8,4.642166344294004,-7.640232108317215,-5.609284332688588,0.3868471953578337
2026-08-20,6505,觀察股,49.0,42.0,45.0,50.0,56.8,-0.4109589041095852,4.794520547945205,18.082191780821923,29.04109589041096
2026-08-20,2382,觀察股,47.2,25.0,30.0,50.0,74.8,1.9877675840978593,2.4464831804281344,5.198776758409786,2.1406727828746175
2026-08-20,2303,觀察股,46.9,35.0,45.0,50.0,56.8,2.5974025974025974,8.225108225108226,27.705627705627705,39.82683982683983
2026-08-20,6669,觀察股,46.9,35.0,45.0,50.0,56.8,7.747035573122529,-60.86956521739131,-66.24505928853755,-66.6403162055336
2026-08-20,3008,觀察股,46.5,35.0,22.0,50.0,68.8,25.385312783318227,29.646418857660922,9.15684496826836,12.511332728921124
2026-08-20,8046,觀察股,46.2,35.0,45.0,50.0,55.0,8.368200836820083,-9.623430962343097,-10.87866108786611,18.828451882845187
2026-08-21,2105,強力候選,61.0,54.0,45.0,50.0,80.8,-3.1695721077654517,-1.9017432646592756,-4.912836767036452,-3.1695721077654517
2026-08-21,3017,強力候選,59.6,60.0,45.0,50.0,71.8,17.277486910994764,24.60732984293194,19.720767888307154,22.5130890052356
2026-08-21,2609,強力候選,55.3,35.0,45.0,50.0,80.8,-12.187499999999996,-9.062499999999996,-4.6875,-8.125000000000004
2026-08-21,6505,強力候選,55.0,62.0,45.0,50.0,56.8,-5.804749340369382,3.0343007915567246,14.116094986807393,24.274406332453836
2026-08-21,2357,觀察股,54.5,60.0,30.0,50.0,65.8,4.7774158523344195,11.292073832790445,4.234527687296417,4.7774158523344195
2026-08-21,2615,觀察股,53.5,35.0,45.0,50.0,75.8,-10.441767068273093,-7.630522088353414,-3.2128514056224895,-9.63855421686747
2026-08-21,2603,觀察股,53.2,35.0,45.0,50.0,74.8,-7.952286282306163,-7.3558648111332,-4.3737574552683895,-5.36779324055666
2026-08-21,2301,觀察股,52.7,60.0,45.0,50.0,52.0,21.64750957854406,18.007662835249043,8.045977011494253,9.003831417624522
2026-08-21,8046,觀察股,51.6,60.0,45.0,50.0,49.0,9.251101321585903,-7.048458149779736,-3.0837004405286343,25.11013215859031
2026-08-21,3045,觀察股,51.5,60.0,22.0,50.0,61.8,0.43478260869565216,2.608695652173913,7.82608695652174,6.086956521739131
2026-08-21,2886,觀察股,51.5,33.0,29.0,50.0,80.8,2.662406815761448,5.5378061767838,8.839190628328005,4.046858359957398
2026-08-21,2382,觀察股,51.5,50.0,30.0,50.0,65.8,3.421461897356143,7.309486780715396,6.6874027993779155,3.8880248833592534
2026-08-21,6415,觀察股,51.4,50.0,45.0,50.0,56.8,2.8058361391694726,-3.8159371492704826,-1.7957351290684627,-7.295173961840629
2026-08-21,3034,觀察股,51.1,42.0,45.0,50.0,62.8,2.8301886792452833,-1.1320754716981132,5.283018867924529,3.207547169811321
2026-08-21,2002,觀察股,50.5,50.0,37.0,55.0,56.8,-2.056555269922872,-1.7994858611825082,-3.598971722365035,-2.570694087403599
2026-08-21,2892,觀察股,49.7,33.0,29.0,50.0,75.8,2.2288261515601784,10.846953937592865,18.276374442793458,15.007429420505215
2026-08-21,2360,觀察股,48.9,50.0,37.0,58.0,50.8,-4.285714285714286,-3.3333333333333335,9.047619047619047,-0.9523809523809524
2026-08-21,2330,觀察股,48.5,60.0,45.0,50.0,40.0,0.4149377593360996,0.0,2.0746887966804977,4.149377593360995
2026-08-21,6669,觀察股,48.5,60.0,45.0,50.0,40.0,15.107913669064748,-58.992805755395686,-65.78737010391687,-66.2669864108713
2026-08-21,2354,觀察股,48.4,40.0,45.0,50.0,56.8,6.146179401993348,8.970099667774072,9.136212624584719,9.966777408637874
2026-08-21,2408,觀察股,48.1,35.0,30.0,50.0,68.8,2.272727272727273,-6.0606060606060606,-0.5681818181818182,-1.7045454545454544
2026-08-21,2353,觀察股,47.8,50.0,30.0,50.0,55.0,0.48859934853420894,6.514657980456037,4.071661237785016,3.745928338762222
2026-08-21,2207,觀察股,47.5,38.0,45.0,50.0,56.0,0.3861003861003861,4.054054054054054,3.667953667953668,-0.5791505791505791
2026-08-21,1326,觀察股,47.2,38.0,45.0,50.0,55.0,3.3277870216306153,16.13976705490848,13.31114808652245,12.645590682196342
2026-08-21,3711,觀察股,47.0,25.0,45.0,50.0,65.8,5.792163543441227,0.17035775127768313,8.68824531516184,20.954003407155025
2026-08-21,2303,觀察股,46.9,35.0,45.0,50.0,56.8,11.587982832618025,11.587982832618025,33.90557939914164,38.62660944206009
2026-08-21,2395,觀察股,46.7,40.0,45.0,50.0,52.0,3.0816640986132513,9.553158705701078,6.317411402157165,11.40215716486903
2026-08-21,2881,觀察股,46.6,64.0,0.0,50.0,56.8,7.462686567164178,12.313432835820896,12.313432835820896,12.313432835820896
2026-08-21,3008,觀察股,46.5,35.0,22.0,50.0,68.8,25.935828877005346,31.907308377896616,14.616755793226382,10.606060606060606
2026-08-24,3034,強力候選,65.9,74.0,45.0,50.0,77.8,-0.36900369003690037,-0.36900369003690037,1.107011070110701,0.9225092250922509
2026-08-24,2105,觀察股,61.0,54.0,45.0,50.0,80.8,-1.7488076311605747,-2.384737678855326,-4.45151033386327,-2.861685214626387
2026-08-24,2301,觀察股,58.6,60.0,45.0,50.0,68.8,6.2717770034843205,4.181184668989547,0.5226480836236934,-0.8710801393728222
2026-08-24,2609,觀察股,56.7,35.0,45.0,50.0,84.8,-7.751937984496124,-9.922480620155037,-5.271317829457362,-8.837209302325585
2026-08-24,2408,觀察股,53.5,60.0,30.0,50.0,62.8,8.383233532934131,3.1936127744510974,2.9940119760479043,3.592814371257485
2026-08-24,2615,觀察股,53.2,35.0,45.0,50.0,74.8,-8.433734939759036,-8.032128514056225,-6.024096385542169,-9.63855421686747
2026-08-24,2892,觀察股,52.7,37.0,29.0,50.0,80.8,5.216095380029807,11.177347242921014,18.47988077496275,15.350223546944877
2026-08-24,2886,觀察股,52.7,37.0,29.0,50.0,80.8,3.6286019210245373,7.150480256136609,9.071504802561366,4.268943436499466
2026-08-24,2603,觀察股,52.1,35.0,45.0,50.0,71.8,-6.786427145708583,-6.986027944111776,-3.3932135728542914,-4.990019960079841
2026-08-24,2303,觀察股,51.5,40.0,45.0,50.0,65.8,4.4534412955465585,15.789473684210526,27.125506072874494,30.76923076923077
2026-08-24,3045,觀察股,51.5,60.0,22.0,50.0,61.8,0.8695652173913043,1.7391304347826086,8.26086956521739,6.086956521739131
2026-08-24,2382,觀察股,51.5,50.0,30.0,50.0,65.8,4.153846153846154,6.923076923076923,6.0,2.769230769230769
2026-08-24,2330,觀察股,51.4,50.0,45.0,50.0,56.8,1.263157894736842,3.578947368421052,4.421052631578947,5.684210526315789
2026-08-24,2002,觀察股,51.0,54.0,37.0,50.0,56.8,-1.3020833333333335,-1.041666666666663,-2.864583333333337,-1.3020833333333335
2026-08-24,2357,觀察股,50.8,60.0,30.0,50.0,55.0,8.234019501625136,8.234019501625136,2.4918743228602382,4.550379198266522
2026-08-24,3711,觀察股,48.5,30.0,45.0,50.0,65.8,-1.3513513513513513,4.898648648648648,11.993243243243242,19.93243243243243
2026-08-24,3017,觀察股,48.4,40.0,45.0,50.0,56.8,19.96497373029772,19.78984238178634,19.614711033274958,22.942206654991242
2026-08-24,2207,觀察股,48.4,42.0,45.0,50.0,55.0,-1.7241379310344827,3.256704980842912,0.19157088122605362,-1.3409961685823755
2026-08-24,2395,觀察股,47.8,40.0,45.0,50.0,55.0,2.8875379939209727,3.343465045592705,7.29483282674772,9.878419452887538
2026-08-24,8046,觀察股,47.8,40.0,45.0,50.0,55.0,8.370044052863436,-7.488986784140969,-6.607929515418502,25.11013215859031
2026-08-24,2353,觀察股,47.8,50.0,30.0,50.0,55.0,1.2861736334405098,3.8585209003215297,3.376205787781341,2.4115755627009645
2026-08-24,6505,觀察股,46.9,35.0,45.0,50.0,56.8,5.150214592274669,14.020028612303284,26.609442060085826,34.76394849785407
2026-08-24,2881,觀察股,46.6,64.0,0.0,50.0,56.8,9.090909090909092,13.257575757575758,17.045454545454543,14.015151515151514
2026-08-24,2360,觀察股,46.2,45.0,37.0,50.0,50.8,-5.314009661835748,7.729468599033816,14.734299516908212,0.4830917874396135
2026-08-25,3034,強力候選,64.0,64.0,45.0,50.0,80.8,-0.5405405405405406,-3.783783783783784,0.36036036036036034,-1.4414414414414414
2026-08-25,2357,強力候選,61.2,60.0,30.0,50.0,84.8,9.18918918918919,4.648648648648648,3.027027027027027,4.324324324324325
2026-08-25,2301,強力候選,61.2,64.0,45.0,50.0,72.8,1.5202702702702704,-1.6891891891891893,-3.885135135135135,-3.885135135135135
2026-08-25,2105,強力候選,61.0,54.0,45.0,50.0,80.8,-0.6379585326953838,-2.3923444976076556,-4.306220095693784,-2.551834130781501
2026-08-25,2303,強力候選,58.7,64.0,45.0,50.0,65.8,6.0,9.6,28.000000000000004,29.2
2026-08-25,2609,強力候選,55.3,35.0,45.0,50.0,80.8,-9.433962264150942,-9.905660377358497,-4.402515723270447,-7.547169811320761
2026-08-25,2615,觀察股,54.6,35.0,45.0,50.0,78.8,-9.486166007905137,-11.462450592885375,-7.905138339920949,-11.067193675889328
2026-08-25,6415,觀察股,54.5,50.0,45.0,50.0,65.8,-7.308970099667775,-9.191583610188262,-4.761904761904762,-8.527131782945736
2026-08-25,2382,觀察股,53.6,50.0,30.0,50.0,71.8,4.10958904109589,-0.15220700152207,4.10958904109589,1.67427701674277
2026-08-25,2353,觀察股,53.6,50.0,30.0,50.0,71.8,2.2544283413848607,0.0,1.1272141706924246,2.5764895330112743
2026-08-25,2408,觀察股,53.5,60.0,30.0,50.0,62.8,1.5686274509803921,4.117647058823529,-2.549019607843137,1.7647058823529411
2026-08-25,2330,觀察股,52.7,60.0,45.0,50.0,52.0,1.6666666666666667,2.9166666666666665,2.5,4.583333333333333
2026-08-25,2886,觀察股,52.7,37.0,29.0,50.0,80.8,3.1914893617021276,7.6595744680851094,7.446808510638298,3.93617021276596
2026-08-25,2892,觀察股,52.7,37.0,29.0,50.0,80.8,6.213017751479295,11.982248520710073,18.047337278106514,14.49704142011836
2026-08-25,3017,觀察股,52.6,40.0,45.0,50.0,68.8,15.593220338983052,11.35593220338983,14.915254237288137,18.983050847457626
2026-08-25,2603,觀察股,52.1,35.0,45.0,50.0,71.8,-3.2520325203252036,-6.910569105691057,-1.4227642276422763,-3.2520325203252036
2026-08-25,2337,觀察股,48.4,50.0,30.0,50.0,56.8,0.4098360655737705,3.278688524590164,-3.278688524590164,-0.819672131147541
2026-08-25,2395,觀察股,47.8,40.0,45.0,50.0,55.0,6.119402985074627,-1.9402985074626864,4.925373134328359,7.91044776119403
2026-08-25,2882,觀察股,47.7,60.0,15.0,50.0,54.8,7.766990291262135,10.194174757281553,8.737864077669903,7.281553398058252
2026-08-25,1303,觀察股,46.3,40.0,37.0,58.0,52.0,24.40318302387268,24.6684350132626,22.811671087533156,34.748010610079575
2026-08-25,2207,觀察股,46.2,42.0,45.0,50.0,49.0,-0.1926782273603083,3.0828516377649327,0.3853564547206166,-0.7707129094412332
2026-08-26,3034,強力候選,64.0,64.0,45.0,50.0,80.8,-2.5134649910233393,-2.5134649910233393,-2.154398563734291,-1.7953321364452424
2026-08-26,2609,強力候選,63.1,60.0,45.0,50.0,81.8,-0.17361111111111358,1.5624999999999976,3.9930555555555505,2.083333333333326
2026-08-26,2603,強力候選,60.7,60.0,45.0,50.0,74.8,1.5151515151515151,1.2987012987012987,5.194805194805195,3.0303030303030303
2026-08-26,2105,強力候選,59.9,54.0,45.0,50.0,77.8,-1.433121019108278,-1.9108280254777004,-4.140127388535023,-2.707006369426745
2026-08-26,6415,強力候選,59.8,50.0,45.0,50.0,80.8,-9.168443496801707,-11.087420042643924,-9.168443496801707,-11.940298507462686
2026-08-26,1326,強力候選,56.8,70.0,45.0,50.0,55.0,20.729684908789388,19.071310116086238,8.457711442786083,12.271973466003326
2026-08-26,2883,強力候選,56.2,64.0,15.0,50.0,75.8,10.077519379844961,13.953488372093023,22.015503875968996,14.418604651162786
2026-08-26,2207,強力候選,55.3,42.0,45.0,50.0,74.8,-1.147227533460803,1.338432122370937,-0.5736137667304015,-1.5296367112810707
2026-08-26,3017,觀察股,55.0,48.0,45.0,50.0,68.8,4.91283676703645,7.131537242472266,9.984152139461171,11.251980982567353
2026-08-26,2408,觀察股,54.5,60.0,30.0,50.0,65.8,0.19342359767891684,1.160541586073501,-0.3868471953578337,0.3868471953578337
2026-08-26,2330,觀察股,53.9,64.0,45.0,50.0,52.0,-1.2422360248447204,2.070393374741201,3.5196687370600417,3.9337474120082816
2026-08-26,2615,觀察股,53.2,35.0,45.0,50.0,74.8,-2.608695652173913,0.8695652173913043,-1.3043478260869565,-2.1739130434782608
2026-08-26,2353,觀察股,52.6,50.0,30.0,50.0,68.8,2.388535031847134,1.2738853503184782,0.4777070063694336,1.4331210191082893
2026-08-26,2303,觀察股,52.6,54.0,45.0,50.0,56.8,2.0242914979757085,14.5748987854251,29.554655870445345,30.76923076923077
2026-08-26,2379,觀察股,51.6,28.0,37.0,50.0,80.8,1.3623978201634876,-3.9509536784741144,3.6784741144414173,3.8147138964577656
2026-08-26,1303,觀察股,51.1,60.0,37.0,50.0,52.0,14.734299516908212,14.251207729468598,9.903381642512077,22.705314009661837
2026-08-26,1301,觀察股,50.6,60.0,29.0,50.0,55.0,11.148086522462556,10.981697171381034,4.9916805324459235,11.148086522462556
2026-08-26,2395,觀察股,50.2,48.0,45.0,50.0,55.0,0.5813953488372093,-5.087209302325581,1.88953488372093,5.087209302325581
2026-08-26,2882,觀察股,50.1,64.0,15.0,58.0,54.8,6.341463414634147,7.804878048780488,8.780487804878048,7.804878048780488
2026-08-26,2002,觀察股,49.2,48.0,37.0,50.0,56.8,-1.5503875968992284,-0.5167958656330822,-3.6175710594315387,-2.0671834625323107
2026-08-26,1590,觀察股,48.8,38.0,45.0,50.0,59.8,-5.1020408163265305,-9.523809523809524,-16.3265306122449,-19.387755102040817
2026-08-26,6669,觀察股,48.5,60.0,45.0,50.0,40.0,-61.53279292557111,-65.73323507737656,-68.97568165070007,-68.90198968312454
2026-08-26,2892,觀察股,47.4,37.0,29.0,50.0,65.8,8.532934131736532,13.173652694610775,19.311377245508993,15.868263473053906
2026-08-26,2884,觀察股,47.2,64.0,22.0,50.0,46.0,4.651162790697667,14.341085271317821,17.82945736434108,17.183462532299735
2026-08-26,2357,觀察股,47.0,35.0,30.0,50.0,65.8,4.016477857878476,0.8238928939237898,-1.3388259526261586,-0.6179196704428425
2026-08-26,2881,觀察股,46.6,64.0,0.0,50.0,56.8,3.6101083032490973,6.137184115523466,10.469314079422382,8.664259927797833
2026-08-26,3711,觀察股,46.4,23.0,45.0,50.0,65.8,-0.5067567567567568,8.108108108108109,17.06081081081081,19.93243243243243
2026-08-26,2382,觀察股,46.1,25.0,30.0,50.0,71.8,1.3533834586466165,2.857142857142857,2.706766917293233,0.4511278195488722
2026-08-27,1326,強力候選,65.2,64.0,45.0,58.0,80.8,10.284810126582277,12.816455696202523,6.012658227848097,7.120253164556961
2026-08-27,2609,觀察股,61.0,60.0,45.0,50.0,75.8,-0.1727115716753047,0.1727115716753047,2.9360967184801434,1.5544041450777177
2026-08-27,2330,強力候選,60.8,64.0,45.0,50.0,71.8,-0.8298755186721992,1.6597510373443984,2.6970954356846475,4.149377593360995
2026-08-27,1301,強力候選,60.8,64.0,29.0,50.0,80.8,4.120443740095089,3.9619651347068032,1.5847860538827145,5.863708399366079
2026-08-27,3034,強力候選,58.7,64.0,45.0,50.0,65.8,-3.832116788321168,-0.5474452554744526,-0.9124087591240875,-0.18248175182481752
2026-08-27,2354,強力候選,58.7,64.0,45.0,50.0,65.8,-1.0869565217391348,0.9316770186335316,2.329192546583851,2.7950310559006164
2026-08-27,2603,觀察股,57.5,60.0,45.0,50.0,65.8,2.795698924731183,-0.6451612903225806,4.516129032258064,2.3655913978494625
2026-08-27,2207,強力候選,57.1,62.0,45.0,50.0,62.8,-1.1385199240986716,0.18975332068311196,-3.225806451612903,-2.2770398481973433
2026-08-27,8046,觀察股,55.0,60.0,45.0,58.0,55.0,-16.602316602316602,-17.374517374517374,-4.247104247104247,9.652509652509652
2026-08-27,3045,觀察股,54.7,60.0,22.0,50.0,70.8,2.1645021645021645,3.896103896103896,6.0606060606060606,5.627705627705628
2026-08-27,2408,觀察股,54.5,60.0,30.0,50.0,65.8,-11.737523105360443,-4.805914972273567,-7.024029574861368,-4.066543438077634
2026-08-27,3017,觀察股,54.1,60.0,45.0,50.0,56.0,-1.1976047904191618,3.592814371257485,6.437125748502994,5.089820359281437
2026-08-27,1303,觀察股,53.7,64.0,37.0,50.0,56.0,-2.857142857142857,7.252747252747254,4.615384615384616,11.648351648351648
2026-08-27,2353,觀察股,53.6,50.0,30.0,50.0,71.8,0.16025641025641252,0.9615384615384639,1.7628205128205152,2.08333333333334
2026-08-27,1590,觀察股,53.2,42.0,45.0,50.0,68.8,-7.094594594594595,-11.824324324324325,-18.243243243243242,-19.93243243243243
2026-08-27,2883,觀察股,52.7,64.0,15.0,50.0,65.8,11.66407465007776,15.707620528771399,21.150855365474353,14.774494556765164
2026-08-27,3711,觀察股,52.7,40.0,45.0,57.5,65.8,-2.644628099173554,7.43801652892562,15.537190082644628,17.355371900826448
2026-08-27,6415,觀察股,52.6,54.0,45.0,50.0,56.8,-12.646121147715197,-13.921360255047821,-9.564293304994687,-12.22104144527099
2026-08-27,2881,觀察股,51.8,60.0,0.0,58.0,71.8,3.8869257950530036,4.946996466431095,6.007067137809187,6.36042402826855
2026-08-27,2301,觀察股,50.4,35.0,45.0,50.0,66.8,-0.6644518272425249,-3.322259136212625,-4.651162790697675,-5.48172757475083
2026-08-27,2105,觀察股,50.4,49.0,45.0,50.0,55.0,-1.2861736334405212,-1.607717041800643,-3.215434083601286,-1.7684887459807095
2026-08-27,2615,觀察股,50.0,35.0,45.0,50.0,65.8,1.762114537444934,-2.643171806167401,1.762114537444934,-0.881057268722467
2026-08-27,2382,觀察股,49.3,25.0,30.0,50.0,80.8,0.4497751124437781,0.7496251874062968,1.4992503748125936,0.14992503748125938
2026-08-27,2882,觀察股,48.9,64.0,15.0,50.0,54.8,9.75609756097561,7.804878048780488,7.804878048780488,7.804878048780488
2026-08-27,2303,觀察股,47.7,49.0,45.0,57.5,44.0,5.485232067510549,20.253164556962027,29.957805907172997,36.28691983122363
2026-08-27,6669,觀察股,47.4,39.0,45.0,50.0,55.0,-63.68305209097579,-65.59060895084373,-68.96551724137932,-69.0388848129127
2026-08-27,2884,觀察股,47.2,64.0,22.0,50.0,46.0,12.062256809338537,16.601815823605722,18.287937743190675,17.639429312581075
2026-08-27,2357,觀察股,47.0,35.0,30.0,50.0,65.8,0.30991735537190085,2.169421487603306,-1.5495867768595042,-0.30991735537190085
2026-08-27,5880,觀察股,46.9,37.0,37.0,50.0,59.8,6.586826347305383,7.1856287425149725,5.588822355289415,3.7924151696606754
2026-08-27,2474,觀察股,46.6,39.0,22.0,50.0,65.8,-0.48192771084337355,-1.6867469879518073,-0.48192771084337355,0.0
2026-08-27,2002,觀察股,46.5,39.0,37.0,50.0,56.8,-0.7832898172323686,-0.2610966057441105,-2.6109660574412534,-1.0443864229764976
2026-08-28,1326,強力候選,64.0,64.0,45.0,50.0,80.8,12.39935587761674,13.043478260869568,8.695652173913041,9.017713365539455
2026-08-28,1303,強力候選,62.7,64.0,37.0,50.0,81.8,2.2675736961451247,6.349206349206349,12.01814058956916,15.192743764172336
2026-08-28,3034,強力候選,60.8,64.0,45.0,50.0,71.8,-3.853211009174312,0.3669724770642202,-0.9174311926605505,0.3669724770642202
2026-08-28,2308,強力候選,58.9,60.0,45.0,50.0,69.8,-0.273224043715847,-11.475409836065573,0.273224043715847,4.098360655737705
2026-08-28,1301,強力候選,58.7,64.0,29.0,50.0,74.8,5.263157894736838,3.0303030303030165,3.0303030303030165,6.539074960127582
2026-08-28,2330,強力候選,58.7,64.0,45.0,50.0,65.8,-0.4132231404958678,-0.4132231404958678,2.272727272727273,3.71900826446281
2026-08-28,2301,強力候選,58.6,60.0,45.0,50.0,68.8,-2.9921259842519685,-12.755905511811024,-11.496062992125983,-10.393700787401574
2026-08-28,2408,觀察股,56.8,64.0,30.0,50.0,68.8,-8.148148148148149,-8.703703703703704,-6.296296296296296,-3.888888888888889
2026-08-28,2354,強力候選,55.6,64.0,45.0,50.0,56.8,2.6604068857589915,2.8169014084507107,1.8779342723004628,3.59937402190924
2026-08-28,2382,觀察股,54.8,54.0,30.0,50.0,71.8,3.7593984962406015,1.2030075187969926,1.2030075187969926,0.4511278195488722
2026-08-28,2353,觀察股,54.8,54.0,30.0,50.0,71.8,5.9967585089141044,0.8103727714748784,1.7828200972447232,3.2414910858995136
2026-08-28,5880,觀察股,54.1,50.0,37.0,58.0,65.8,5.544554455445539,7.72277227722772,3.168316831683171,2.9702970297029703
2026-08-28,2883,觀察股,54.1,64.0,15.0,50.0,69.8,12.061068702290086,15.57251908396947,18.931297709923673,12.671755725190836
2026-08-28,2882,觀察股,54.1,64.0,15.0,50.0,69.8,9.004739336492891,4.739336492890995,5.687203791469194,4.739336492890995
2026-08-28,2303,觀察股,54.0,54.0,45.0,50.0,60.8,0.0,8.076923076923077,18.076923076923077,24.23076923076923
2026-08-28,3711,觀察股,54.0,54.0,45.0,50.0,60.8,-5.314009661835748,-0.4830917874396135,10.628019323671497,14.331723027375201
2026-08-28,8046,觀察股,53.9,64.0,45.0,50.0,52.0,-14.919354838709678,-12.903225806451612,2.4193548387096775,14.516129032258066
2026-08-28,2609,觀察股,53.8,60.0,45.0,50.0,55.0,3.558718861209964,5.693950177935935,3.914590747330953,4.626334519572944
2026-08-28,2207,觀察股,52.7,44.0,45.0,50.0,65.8,3.653846153846154,1.9230769230769231,-2.6923076923076925,-0.9615384615384616
2026-08-28,2881,觀察股,50.6,60.0,0.0,50.0,71.8,4.513888888888888,3.125,5.208333333333334,4.513888888888888
2026-08-28,2474,觀察股,50.0,64.0,22.0,57.5,50.8,1.4527845036319613,-1.2106537530266344,-0.48426150121065376,0.48426150121065376
2026-08-28,2454,觀察股,49.6,54.0,30.0,50.0,56.8,10.790464240903388,15.056461731493098,23.212045169385195,24.968632371392722
2026-08-28,6415,觀察股,49.3,54.0,45.0,58.0,44.0,-6.441048034934497,-12.445414847161572,-10.698689956331878,-9.82532751091703
2026-08-28,6669,觀察股,48.8,39.0,45.0,50.0,59.0,-64.375,-67.91666666666667,-70.83333333333334,-70.69444444444444
2026-08-28,2886,觀察股,48.8,37.0,29.0,50.0,69.8,2.80082987551866,7.261410788381742,1.867219917012445,1.3485477178423206
2026-08-28,3045,觀察股,48.6,35.0,22.0,50.0,74.8,2.1645021645021645,4.761904761904762,4.761904761904762,5.627705627705628
2026-08-28,2603,觀察股,48.4,40.0,45.0,50.0,56.8,0.6479481641468683,1.2958963282937366,2.8077753779697625,2.8077753779697625
2026-08-28,3017,觀察股,47.8,39.0,45.0,50.0,56.0,6.25,0.2976190476190476,1.1904761904761905,4.464285714285714
2026-08-28,2376,觀察股,47.8,33.0,37.0,50.0,65.8,3.4383954154727796,0.0,3.7249283667621778,5.587392550143266
2026-08-28,2395,觀察股,47.8,40.0,45.0,50.0,55.0,6.278026905829597,0.7473841554559043,9.118086696562033,8.071748878923767
2026-08-28,2884,觀察股,47.2,64.0,22.0,50.0,46.0,12.387096774193541,19.48387096774193,15.870967741935479,17.03225806451613
2026-08-28,2615,觀察股,46.9,35.0,45.0,50.0,56.8,3.1390134529147984,0.4484304932735426,-0.4484304932735426,0.8968609865470852
2026-08-28,2892,觀察股,46.8,42.0,29.0,50.0,59.8,8.430232558139531,13.08139534883721,12.209302325581405,12.500000000000014
2026-08-28,2337,觀察股,46.6,44.0,30.0,50.0,56.8,-3.9525691699604746,-5.928853754940711,-6.324110671936759,-4.3478260869565215
2026-08-31,1303,強力候選,61.3,64.0,37.0,50.0,77.8,-4.948453608247423,-3.5051546391752577,5.360824742268041,4.742268041237113
2026-08-31,3034,強力候選,60.8,64.0,45.0,50.0,71.8,0.0,2.9629629629629632,1.1111111111111112,1.2962962962962963
2026-08-31,1326,強力候選,56.6,64.0,45.0,50.0,59.8,5.270863836017583,-1.0248901903367538,2.0497803806735075,-0.87847730600292
2026-08-31,2308,強力候選,55.7,54.0,45.0,50.0,65.8,0.5434782608695652,-11.956521739130435,2.717391304347826,3.532608695652174
2026-08-31,2330,強力候選,55.6,64.0,45.0,50.0,56.8,2.2869022869022873,-1.0395010395010396,3.118503118503119,4.365904365904366
2026-08-31,2354,強力候選,55.6,64.0,45.0,50.0,56.8,1.545595054095827,0.0,1.545595054095827,2.31839258114374
2026-08-31,8046,觀察股,55.0,64.0,45.0,50.0,55.0,-14.634146341463413,-14.227642276422763,8.94308943089431,15.447154471544716
2026-08-31,2382,觀察股,54.8,54.0,30.0,50.0,71.8,2.658788774002954,-1.7725258493353029,-1.4771048744460855,-1.329394387001477
2026-08-31,2353,觀察股,54.8,54.0,30.0,50.0,71.8,2.5396825396825307,-0.317460317460322,0.4761904761904716,1.1111111111111156
2026-08-31,6505,觀察股,53.9,48.0,45.0,50.0,65.8,8.435374149659868,12.653061224489793,32.38095238095238,28.163265306122454
2026-08-31,5880,觀察股,52.8,45.0,37.0,50.0,69.8,3.7181996086105644,7.436399217221129,2.1526418786692787,1.76125244618395
2026-08-31,2408,觀察股,52.6,64.0,30.0,50.0,56.8,-4.788213627992634,-12.89134438305709,-4.41988950276243,-4.41988950276243
2026-08-31,2303,觀察股,52.6,54.0,45.0,50.0,56.8,10.852713178294573,10.465116279069768,19.767441860465116,25.1937984496124
2026-08-31,2301,觀察股,52.0,60.0,45.0,50.0,50.0,-1.9672131147540985,-9.01639344262295,-8.360655737704919,-6.721311475409836
2026-08-31,1301,觀察股,51.2,39.0,29.0,50.0,74.8,0.6042296072507424,-4.984894259818738,2.8700906344410746,0.9063444108761244
2026-08-31,2376,觀察股,50.5,42.0,37.0,50.0,65.8,1.8156424581005588,-3.910614525139665,0.13966480446927373,2.9329608938547485
2026-08-31,2357,觀察股,50.3,39.0,30.0,50.0,71.8,0.0,-6.506506506506507,-3.8038038038038042,-3.4034034034034035
2026-08-31,2609,觀察股,49.9,60.0,45.0,50.0,44.0,-2.3529411764705856,-0.3361344537815174,-0.1680672268907587,-1.176470588235299
2026-08-31,2886,觀察股,48.9,42.0,29.0,50.0,65.8,3.3985581874356456,8.135942327497432,1.235839340885688,0.6179196704428512
2026-08-31,6669,觀察股,48.8,39.0,45.0,50.0,59.0,-64.90486257928119,-68.00563777307963,-70.54263565891473,-70.26074700493305
2026-08-31,2882,觀察股,48.7,39.0,15.0,50.0,75.8,3.619909502262444,1.809954751131222,0.4524886877828055,0.0
2026-08-31,2603,觀察股,48.4,40.0,45.0,50.0,56.8,-0.21413276231263384,1.4989293361884368,2.569593147751606,1.9271948608137044
2026-08-31,4938,觀察股,47.9,38.0,30.0,50.0,65.8,2.7442371020856204,-0.987925356750814,-1.4270032930845193,-0.987925356750814
2026-08-31,2395,觀察股,47.8,40.0,45.0,50.0,55.0,0.4431314623338257,-1.03397341211226,7.23781388478582,6.794682422451995
2026-08-31,2474,觀察股,47.7,60.0,22.0,50.0,50.8,0.0,-1.4388489208633095,-0.9592326139088728,-0.4796163069544364
2026-08-31,3017,觀察股,47.4,39.0,45.0,50.0,55.0,-0.145985401459854,-3.3576642335766427,0.291970802919708,2.4817518248175183
2026-08-31,2615,觀察股,46.9,35.0,45.0,50.0,56.8,0.43859649122807015,-0.8771929824561403,0.0,-1.3157894736842104
2026-08-31,2207,觀察股,46.9,35.0,45.0,50.0,56.8,5.0682261208577,4.8732943469785575,-0.7797270955165692,0.3898635477582846
2026-08-31,2891,觀察股,46.7,27.0,30.0,50.0,71.8,4.173106646058737,5.255023183925798,5.718701700154564,4.94590417310665
2026-09-01,3034,強力候選,59.8,64.0,45.0,50.0,68.8,-3.260869565217391,-1.9927536231884055,-0.9057971014492754,-0.9057971014492754
2026-09-01,6505,觀察股,58.7,64.0,45.0,50.0,65.8,3.780964797913939,8.08344198174707,22.816166883963493,22.816166883963493
2026-09-01,1303,強力候選,58.2,64.0,37.0,50.0,68.8,0.21321961620469082,-5.543710021321962,8.315565031982942,8.315565031982942
2026-09-01,2395,強力候選,57.2,52.0,45.0,50.0,71.8,-7.59493670886076,-3.6568213783403656,1.6877637130801686,1.6877637130801686
2026-09-01,2354,強力候選,55.6,64.0,45.0,50.0,56.8,-2.1244309559939385,-1.9726858877086668,0.45523520485583785,0.45523520485583785
2026-09-01,2330,強力候選,55.6,64.0,45.0,50.0,56.8,1.2295081967213115,-2.2540983606557377,2.8688524590163933,2.8688524590163933
2026-09-01,2317,強力候選,55.2,54.0,37.0,50.0,68.8,-1.7578125,-3.7109375,-0.78125,-0.78125
2026-09-01,8046,強力候選,55.0,64.0,45.0,50.0,55.0,-16.3265306122449,-11.428571428571429,15.918367346938775,15.918367346938775
2026-09-01,2353,觀察股,54.8,54.0,30.0,50.0,71.8,-2.2047244094488168,-2.6771653543307132,0.3149606299212643,0.3149606299212643
2026-09-01,3017,觀察股,53.8,60.0,45.0,50.0,55.0,-3.6656891495601176,-8.651026392961878,2.932551319648094,2.932551319648094
2026-09-01,2454,觀察股,53.3,74.0,30.0,35.0,56.8,9.154113557358054,2.6651216685979144,15.41135573580533,15.41135573580533
2026-09-01,1326,觀察股,53.2,35.0,45.0,50.0,74.8,-4.979811574697178,-11.440107671601615,-8.882907133243599,-8.882907133243599
2026-09-01,2308,觀察股,52.6,54.0,45.0,50.0,56.8,-3.2171581769436997,-10.455764075067025,2.1447721179624666,2.1447721179624666
2026-09-01,2382,觀察股,52.6,50.0,30.0,50.0,68.8,-4.093567251461988,-2.631578947368421,-2.3391812865497075,-2.3391812865497075
2026-09-01,2886,觀察股,52.5,54.0,29.0,50.0,65.8,4.329896907216497,6.8041237113402,0.7216494845360854,0.7216494845360854
2026-09-01,2615,觀察股,52.1,35.0,45.0,50.0,71.8,-2.1834061135371177,-2.1834061135371177,-1.7467248908296942,-1.7467248908296942
2026-09-01,2301,觀察股,52.0,60.0,45.0,50.0,50.0,-3.1613976705490847,-8.818635607321132,-5.324459234608985,-5.324459234608985
2026-09-01,2408,觀察股,51.4,60.0,30.0,50.0,56.8,2.5096525096525095,-10.135135135135135,0.19305019305019305,0.19305019305019305
2026-09-01,3711,觀察股,51.0,44.0,45.0,50.0,60.8,1.3114754098360655,-2.9508196721311477,16.39344262295082,16.39344262295082
2026-09-01,5880,觀察股,49.8,35.0,37.0,50.0,69.8,4.8828125,5.468749999999995,1.5624999999999944,1.5624999999999944
2026-09-01,2379,觀察股,49.3,54.0,37.0,50.0,52.0,-6.989247311827956,-5.510752688172043,2.4193548387096775,2.4193548387096775
2026-09-01,2609,觀察股,49.2,40.0,45.0,50.0,59.0,-0.5208333333333408,2.083333333333326,2.083333333333326,2.083333333333326
2026-09-01,2603,觀察股,48.4,40.0,45.0,50.0,56.8,-3.7815126050420167,-1.8907563025210083,0.0,0.0
2026-09-01,2357,觀察股,48.1,35.0,30.0,50.0,68.8,-4.158415841584159,-8.118811881188119,-4.455445544554455,-4.455445544554455
2026-09-01,2207,觀察股,47.8,40.0,45.0,50.0,55.0,3.2818532818532815,2.3166023166023164,-0.5791505791505791,-0.5791505791505791
2026-09-01,2892,觀察股,47.7,45.0,29.0,50.0,59.8,5.431754874651819,10.167130919220051,7.799442896935946,7.799442896935946
2026-09-01,2882,觀察股,47.7,35.0,15.0,58.0,72.8,2.2522522522522523,-0.9009009009009009,-0.45045045045045046,-0.45045045045045046
2026-09-01,2885,觀察股,47.6,54.0,15.0,50.0,59.8,5.8470764617691025,2.398800599700141,1.0494752623688197,1.0494752623688197
2026-09-01,6669,觀察股,47.6,35.0,45.0,50.0,59.0,-70.0,-70.32051282051283,-72.94871794871794,-72.94871794871794
2026-09-01,2376,觀察股,47.4,42.0,37.0,50.0,56.8,-0.5571030640668524,-4.456824512534819,2.6462395543175488,2.6462395543175488
2026-09-01,2303,觀察股,46.7,54.0,45.0,50.0,40.0,3.3962264150943398,4.528301886792453,21.88679245283019,21.88679245283019
2026-09-02,3017,強力候選,63.5,60.0,45.0,75.6,71.8,2.1148036253776437,-4.078549848942599,,6.042296072507553
2026-09-02,3034,強力候選,62.8,60.0,45.0,50.0,80.8,0.0,0.9208103130755065,,0.7366482504604052
2026-09-02,2354,強力候選,58.9,60.0,45.0,50.0,69.8,-2.7149321266968283,-1.6591251885369447,,-0.15082956259425992
2026-09-02,2353,強力候選,58.7,60.0,30.0,50.0,77.8,-1.0886469673405845,-0.46656298600310603,,-0.9331259720062121
2026-09-02,2357,強力候選,58.7,60.0,30.0,50.0,77.8,-3.0693069306930694,-7.029702970297031,,-4.455445544554455
2026-09-02,1303,強力候選,58.4,60.0,37.0,50.0,72.8,-0.42105263157894735,-5.684210526315789,,6.947368421052631
2026-09-02,6505,觀察股,57.7,64.0,45.0,50.0,62.8,11.18170266836086,2.287166454891991,,19.69504447268107
2026-09-02,2382,強力候選,56.4,50.0,30.0,75.6,68.8,1.483679525222552,1.0385756676557862,,-0.8902077151335311
2026-09-02,2886,強力候選,56.4,74.0,29.0,50.0,59.8,2.6530612244897904,3.8775510204081605,,-0.3061224489795889
2026-09-02,2376,強力候選,55.2,54.0,37.0,50.0,68.8,-3.319502074688797,-3.18118948824343,,1.9363762102351314
2026-09-02,2395,觀察股,53.8,44.0,45.0,50.0,68.8,-5.635838150289017,0.4335260115606936,,4.479768786127168
2026-09-02,2303,觀察股,53.4,54.0,45.0,50.0,59.0,12.3015873015873,12.698412698412698,,28.174603174603174
2026-09-02,2301,觀察股,52.7,60.0,45.0,50.0,52.0,-7.142857142857142,-12.063492063492063,,-9.682539682539684
2026-09-02,2454,觀察股,52.0,64.0,30.0,50.0,55.0,8.187134502923977,5.964912280701754,,16.49122807017544
2026-09-02,2474,觀察股,51.8,35.0,22.0,57.5,80.8,-2.3696682464454977,-1.8957345971563981,,-1.6587677725118484
2026-09-02,4938,觀察股,51.7,62.0,30.0,50.0,56.0,-0.6543075245365414,-2.9443838604143977,,-1.6357688113413305
2026-09-02,2412,觀察股,51.6,44.0,22.0,50.0,75.8,1.4545454545454546,4.363636363636364,,5.818181818181818
2026-09-02,2317,觀察股,50.7,39.0,37.0,50.0,68.8,0.398406374501992,-1.1952191235059761,,1.1952191235059761
2026-09-02,1301,觀察股,50.3,64.0,29.0,50.0,50.8,-0.1497005988023867,-6.586826347305387,,0.0
2026-09-02,1326,觀察股,50.0,35.0,45.0,50.0,65.8,-1.3736263736263736,-9.615384615384617,,-7.005494505494498
2026-09-02,2892,觀察股,50.0,35.0,29.0,50.0,74.8,4.27586206896551,10.344827586206897,,6.75862068965518
2026-09-02,2603,觀察股,48.4,40.0,45.0,50.0,56.8,-0.21321961620469082,1.9189765458422177,,1.4925373134328357
2026-09-02,2609,觀察股,47.8,40.0,45.0,50.0,55.0,1.7391304347826086,4.695652173913048,,2.2608695652173867
2026-09-02,2207,觀察股,47.8,40.0,45.0,50.0,55.0,2.5145067698259185,0.5802707930367506,,-0.3868471953578337
2026-09-02,5880,觀察股,47.7,35.0,37.0,50.0,63.8,2.0912547528517136,3.9923954372623602,,-1.1406844106463905
2026-09-02,2885,觀察股,47.6,54.0,15.0,50.0,59.8,4.497751124437781,4.047976011994007,,1.0494752623688197
2026-09-02,3008,觀察股,46.8,35.0,22.0,50.0,69.8,-12.03585147247119,-20.29449423815621,,-20.550576184379
2026-09-02,2379,觀察股,46.3,44.0,37.0,50.0,52.0,-5.241935483870968,-3.225806451612903,,2.4193548387096775
2026-09-03,2354,強力候選,62.2,64.0,45.0,50.0,75.8,2.0408163265306074,4.081632653061215,,3.924646781789639
2026-09-03,2891,強力候選,61.7,70.0,30.0,50.0,77.8,-0.2962962962963005,5.481481481481485,,0.592592592592601
2026-09-03,3017,強力候選,60.8,64.0,45.0,50.0,71.8,4.848484848484849,-3.4848484848484853,,6.363636363636363
2026-09-03,2454,強力候選,60.4,64.0,30.0,58.0,75.8,8.755760368663594,3.686635944700461,,14.746543778801843
2026-09-03,1326,強力候選,58.7,64.0,45.0,50.0,65.8,2.2955523672883706,-1.5781922525107726,,-2.8694404591104736
2026-09-03,1303,強力候選,58.2,64.0,37.0,50.0,68.8,10.407239819004525,6.787330316742081,,14.93212669683258
2026-09-03,2303,強力候選,58.0,50.0,45.0,50.0,75.8,14.000000000000002,18.0,,29.2
2026-09-03,2603,觀察股,56.0,48.0,45.0,50.0,71.8,-3.3472803347280333,1.4644351464435146,,-0.41841004184100417
2026-09-03,2357,強力候選,55.6,60.0,30.0,50.0,68.8,1.8537590113285274,-2.368692070030896,,-0.6179196704428425
2026-09-03,6505,觀察股,55.0,64.0,45.0,50.0,55.0,12.679738562091508,12.679738562091508,,23.137254901960787
2026-09-03,2474,強力候選,55.0,60.0,22.0,50.0,71.8,-1.2106537530266344,0.9685230024213075,,0.48426150121065376
2026-09-03,2353,觀察股,53.8,54.0,30.0,50.0,68.8,0.8,3.6799999999999957,,1.9200000000000046
2026-09-03,2382,觀察股,53.8,54.0,30.0,50.0,68.8,0.2985074626865672,2.6865671641791042,,-0.2985074626865672
2026-09-03,2885,觀察股,53.6,74.0,15.0,50.0,59.8,1.7518248175182525,0.7299270072992701,,-1.605839416058386
2026-09-03,2882,觀察股,52.6,60.0,15.0,50.0,68.8,-1.7777777777777777,-0.4444444444444444,,-1.7777777777777777
2026-09-03,2886,觀察股,52.2,60.0,29.0,50.0,59.8,-0.992063492063492,2.9761904761904763,,-3.07539682539682
2026-09-03,3034,觀察股,52.1,35.0,45.0,50.0,71.8,3.415559772296015,3.415559772296015,,3.795066413662239
2026-09-03,2395,觀察股,51.1,35.0,45.0,50.0,68.8,-2.225519287833828,1.7804154302670623,,7.270029673590504
2026-09-03,2301,觀察股,50.6,60.0,45.0,50.0,46.0,-2.6755852842809364,-7.023411371237458,,-4.849498327759197
2026-09-03,1301,觀察股,50.3,64.0,29.0,50.0,50.8,-0.152207001522083,-1.674277016742783,,1.6742770167427614
2026-09-03,2207,觀察股,50.2,48.0,45.0,50.0,55.0,1.3435700575815739,2.111324376199616,,-1.1516314779270633
2026-09-03,2892,觀察股,50.0,35.0,29.0,50.0,74.8,3.1207598371777436,10.583446404341924,,5.020352781546815
2026-09-03,2884,觀察股,47.9,35.0,22.0,50.0,72.8,4.050925925925926,9.490740740740728,,4.9768518518518485
2026-09-03,2609,觀察股,47.8,40.0,45.0,50.0,55.0,0.3460207612456797,7.266435986159175,,1.7301038062283738
2026-09-03,5880,觀察股,47.7,35.0,37.0,50.0,63.8,0.5617977528089967,3.183520599250942,,-2.621722846441945
2026-09-03,3008,觀察股,47.5,35.0,22.0,50.0,71.8,-6.013986013986014,-15.804195804195803,,-13.216783216783218
2026-09-03,2412,觀察股,46.6,39.0,22.0,50.0,65.8,1.0869565217391304,5.072463768115942,,5.434782608695652
2026-09-03,2308,觀察股,46.6,49.0,45.0,50.0,44.0,-4.829545454545454,-4.261363636363636,,8.238636363636363
2026-09-03,2615,觀察股,46.1,15.0,45.0,50.0,71.8,-4.329004329004329,4.329004329004329,,-2.5974025974025974
2026-09-04,2207,強力候選,62.8,60.0,45.0,50.0,80.8,-1.6697588126159555,-0.3710575139146568,,-4.452690166975881
2026-09-04,3017,強力候選,60.7,60.0,45.0,50.0,74.8,-5.602240896358544,-3.9215686274509802,,-1.680672268907563
2026-09-04,2376,強力候選,59.2,64.0,37.0,50.0,71.8,-3.32409972299169,-1.3850415512465373,,2.0775623268698062
2026-09-04,2354,強力候選,58.7,64.0,45.0,50.0,65.8,0.15243902439025692,0.15243902439025692,,0.9146341463414766
2026-09-04,2886,強力候選,58.7,64.0,29.0,50.0,74.8,4.339051463168529,3.1281533804238233,,-1.4127144298688108
2026-09-04,1326,強力候選,57.5,60.0,45.0,50.0,65.8,0.5730659025788047,-2.4355300859598894,,-3.0085959885386737
2026-09-04,2357,強力候選,57.0,60.0,30.0,50.0,72.8,-9.853658536585366,-6.341463414634147,,-5.853658536585367
2026-09-04,2353,強力候選,56.8,64.0,30.0,50.0,68.8,-4.892966360856273,-2.293577981651387,,-2.599388379204897
2026-09-04,2891,強力候選,56.6,60.0,30.0,50.0,71.8,-1.900584795321654,1.6081871345029155,,-0.7309941520467835
2026-09-04,2317,強力候選,56.2,54.0,37.0,50.0,71.8,-3.125,-2.1484375,,-0.78125
2026-09-04,2382,強力候選,55.6,60.0,30.0,50.0,68.8,-2.4637681159420293,-0.5797101449275363,,-3.1884057971014492
2026-09-04,2474,強力候選,55.1,60.0,22.0,57.5,68.8,-2.6252983293556085,0.0,,-0.9546539379474941
2026-09-04,6505,強力候選,55.0,64.0,45.0,50.0,55.0,7.042253521126761,10.755441741357243,,20.614596670934713
2026-09-04,2395,強力候選,55.0,48.0,45.0,50.0,68.8,-5.20393811533052,-2.9535864978902953,,1.6877637130801686
2026-09-04,4938,觀察股,54.7,64.0,30.0,50.0,62.8,-4.612159329140467,-5.345911949685543,,-5.450733752620548
2026-09-04,2609,觀察股,53.6,40.0,45.0,50.0,71.8,2.0618556701030855,4.810996563573878,,1.0309278350515367
2026-09-04,2303,觀察股,52.7,50.0,45.0,62.8,55.0,8.076923076923077,20.0,,24.23076923076923
2026-09-04,2454,觀察股,52.3,64.0,30.0,50.0,56.0,3.8505096262740657,6.681766704416761,,12.797281993204985
2026-09-04,3034,觀察股,52.1,35.0,45.0,50.0,71.8,4.3893129770992365,6.488549618320611,,4.3893129770992365
2026-09-04,1303,觀察股,51.2,60.0,37.0,58.0,49.0,3.9911308203991127,5.543237250554324,,12.638580931263856
2026-09-04,1301,觀察股,51.2,60.0,29.0,50.0,56.8,-2.1212121212121295,-1.5151515151515151,,1.2121212121212077
2026-09-04,2301,觀察股,50.6,60.0,45.0,50.0,46.0,-10.064935064935066,-8.441558441558442,,-7.629870129870129
2026-09-04,2892,觀察股,50.0,35.0,29.0,50.0,74.8,4.289544235924938,6.702412868632708,,3.753351206434332
2026-09-04,2885,觀察股,49.4,60.0,15.0,50.0,59.8,0.28653295128940237,0.28653295128940237,,-3.438395415472767
2026-09-04,2412,觀察股,49.0,54.0,22.0,50.0,59.8,2.181818181818182,5.818181818181818,,5.818181818181818
2026-09-04,2884,觀察股,48.9,35.0,22.0,50.0,75.8,6.314580941446614,6.544202066590129,,4.133180252583248
2026-09-04,2330,觀察股,48.5,60.0,45.0,50.0,40.0,0.0,2.0746887966804977,,4.149377593360995
2026-09-04,2308,觀察股,48.1,54.0,45.0,50.0,44.0,-11.232876712328768,-4.931506849315069,,4.383561643835616
2026-09-04,2615,觀察股,47.8,40.0,45.0,50.0,55.0,-2.608695652173913,4.782608695652174,,-2.1739130434782608
2026-09-04,5880,觀察股,47.7,35.0,37.0,50.0,63.8,2.06378986866792,2.4390243902439104,,-2.4390243902438975
2026-09-04,2603,觀察股,46.7,40.0,45.0,50.0,52.0,0.6437768240343348,3.2188841201716736,,2.1459227467811157
2026-09-04,2881,觀察股,46.3,35.0,0.0,50.0,80.8,-1.3289036544850499,0.0,,0.0
2026-09-07,2303,強力候選,64.2,60.0,45.0,50.0,84.8,-0.34965034965034963,9.79020979020979,,12.937062937062937
2026-09-07,2207,強力候選,61.9,64.0,45.0,50.0,74.8,-0.1855287569573284,-2.9684601113172544,,-4.452690166975881
2026-09-07,2317,強力候選,60.8,74.0,30.0,50.0,71.8,-2.9296875,-2.34375,,-0.78125
2026-09-07,3017,強力候選,58.6,60.0,45.0,50.0,68.8,-3.216374269005848,-0.14619883040935672,,2.631578947368421
2026-09-07,2357,強力候選,58.2,64.0,30.0,50.0,72.8,-6.506506506506507,-5.305305305305305,,-3.4034034034034035
2026-09-07,2886,強力候選,57.5,60.0,29.0,50.0,74.8,4.5816733067729025,1.7928286852589612,,-2.689243027888449
2026-09-07,1326,強力候選,57.5,60.0,45.0,50.0,65.8,-5.980528511821991,-5.702364394993057,,-5.841446453407514
2026-09-07,3034,強力候選,56.0,48.0,45.0,50.0,71.8,2.9629629629629632,1.4814814814814816,,1.2962962962962963
2026-09-07,2891,強力候選,55.6,60.0,30.0,50.0,68.8,1.0385756676557696,4.451038575667655,,0.7418397626112759
2026-09-07,2382,強力候選,55.6,60.0,30.0,50.0,68.8,-4.316546762589928,-0.8633093525179856,,-3.884892086330935
2026-09-07,6505,強力候選,55.0,64.0,45.0,50.0,55.0,3.8895859473023764,11.041405269761603,,18.193224592220826
2026-09-07,2330,觀察股,54.4,60.0,45.0,50.0,56.8,-3.2520325203252036,0.8130081300813009,,2.0325203252032518
2026-09-07,2360,觀察股,54.0,54.0,45.0,50.0,60.8,-4.0358744394618835,6.502242152466367,,-6.726457399103139
2026-09-07,2376,觀察股,53.4,64.0,37.0,50.0,55.0,-5.6241426611796985,0.9602194787379973,,1.0973936899862824
2026-09-07,2454,觀察股,52.6,35.0,30.0,50.0,81.8,-4.201680672268908,5.2521008403361344,,4.621848739495799
2026-09-07,1301,觀察股,52.6,60.0,29.0,50.0,60.8,-5.55555555555555,-2.1021021021020894,,0.3003003003003046
2026-09-07,2615,觀察股,51.5,40.0,45.0,50.0,65.8,-1.3100436681222707,2.1834061135371177,,-1.7467248908296942
2026-09-07,2412,觀察股,51.1,54.0,22.0,50.0,65.8,3.260869565217391,4.710144927536232,,5.434782608695652
2026-09-07,2308,觀察股,51.1,64.0,45.0,50.0,44.0,-12.432432432432433,1.3513513513513513,,2.9729729729729732
2026-09-07,2353,觀察股,50.9,64.0,30.0,50.0,52.0,-2.786377708978324,-0.464396284829717,,-1.393188854489151
2026-09-07,2395,觀察股,50.5,35.0,30.0,50.0,75.8,-1.4705882352941175,3.823529411764706,,6.323529411764706
2026-09-07,1303,觀察股,50.0,60.0,37.0,50.0,49.0,1.5184381778741864,3.9045553145336225,,10.195227765726681
2026-09-07,3711,觀察股,49.3,50.0,45.0,50.0,50.8,-1.4492753623188406,6.763285024154589,,14.331723027375201
2026-09-07,4938,觀察股,48.8,64.0,30.0,50.0,46.0,-3.6324786324786236,-2.9914529914529884,,-3.6324786324786236
2026-09-07,2892,觀察股,48.2,35.0,29.0,50.0,69.8,6.836461126005373,6.568364611260062,,3.753351206434332
2026-09-07,2474,觀察股,48.1,60.0,22.0,50.0,52.0,-1.4388489208633095,1.1990407673860912,,-0.4796163069544364
2026-09-07,2354,觀察股,48.1,39.0,45.0,50.0,56.8,-1.5220700152207,-1.2176560121765556,,0.76103500761035
2026-09-07,2327,觀察股,48.0,44.0,30.0,50.0,60.8,-7.470288624787775,-5.432937181663837,,2.2071307300509337
2026-09-07,2609,觀察股,47.8,40.0,45.0,50.0,55.0,2.065404475043022,5.163511187607573,,1.2048192771084263
2026-09-07,3045,觀察股,47.2,35.0,22.0,50.0,70.8,3.8461538461538463,6.41025641025641,,4.273504273504273
2026-09-07,2301,觀察股,46.7,40.0,45.0,50.0,52.0,-7.190635451505016,-3.511705685618729,,-4.849498327759197
2026-09-07,2884,觀察股,46.5,35.0,22.0,50.0,68.8,6.42939150401838,6.0849598163031136,,4.133180252583248
2026-09-07,5880,觀察股,46.3,35.0,37.0,50.0,59.8,3.5849056603773555,2.6415094339622613,,-1.8867924528301887
2026-09-08,2330,強力候選,60.6,64.0,45.0,62.8,65.8,-3.4412955465587043,-0.4048582995951417,,1.6194331983805668
2026-09-08,2360,強力候選,59.2,54.0,45.0,50.0,75.8,-8.167770419426049,7.72626931567329,,-8.167770419426049
2026-09-08,2891,強力候選,58.0,64.0,30.0,58.0,68.8,2.19941348973607,2.052785923753653,,-0.43988269794720986
2026-09-08,2207,強力候選,57.7,64.0,45.0,50.0,62.8,-0.9345794392523363,-2.6168224299065423,,-3.7383177570093453
2026-09-08,2354,觀察股,54.4,60.0,45.0,50.0,56.8,0.15503875968991368,1.7054263565891385,,2.635658914728687
2026-09-08,6505,觀察股,53.9,64.0,45.0,50.0,52.0,4.145728643216095,9.547738693467348,,18.34170854271358
2026-09-08,2454,觀察股,52.6,35.0,30.0,50.0,81.8,-5.9447983014862,9.978768577494693,,5.7324840764331215
2026-09-08,2382,觀察股,52.5,45.0,37.0,50.0,68.8,1.524390243902439,4.2682926829268295,,1.8292682926829267
2026-09-08,2303,觀察股,52.3,54.0,45.0,50.0,56.0,1.094890510948905,16.78832116788321,,17.88321167883212
2026-09-08,2376,觀察股,52.2,55.0,45.0,50.0,55.0,-3.9215686274509802,2.661064425770308,,3.221288515406162
2026-09-08,1303,觀察股,51.6,60.0,45.0,50.0,49.0,-5.74468085106383,-1.4893617021276597,,8.085106382978724
2026-09-08,1301,觀察股,51.2,60.0,22.0,50.0,60.8,-4.761904761904753,-0.7680491551459294,,2.6113671274961643
2026-09-08,2609,觀察股,51.1,35.0,45.0,50.0,68.8,2.6178010471204187,6.108202443280978,,2.6178010471204187
2026-09-08,2886,觀察股,50.0,35.0,29.0,50.0,74.8,2.3715415019762762,-0.19762845849802652,,-3.458498023715415
2026-09-08,2337,觀察股,49.7,44.0,30.0,50.0,65.8,-9.126984126984127,-6.349206349206349,,-3.968253968253968
2026-09-08,2884,觀察股,49.5,35.0,37.0,50.0,68.8,0.21953896816685275,1.0976948408342482,,-0.43907793633368986
2026-09-08,2408,觀察股,49.3,38.0,30.0,50.0,69.8,-12.335216572504708,-6.4030131826742,,-2.2598870056497176
2026-09-08,2317,觀察股,49.2,55.0,30.0,50.0,55.0,-1.9880715705765408,0.5964214711729622,,0.9940357852882704
2026-09-08,4938,觀察股,48.8,64.0,30.0,50.0,46.0,-3.7077426390403554,-1.8538713195201777,,-1.6357688113413305
2026-09-08,3017,觀察股,48.4,40.0,45.0,50.0,56.8,-5.175038051750381,3.1963470319634704,,6.8493150684931505
2026-09-08,2892,觀察股,48.2,35.0,29.0,50.0,69.8,4.491413474240411,5.416116248348738,,2.245706737120215
2026-09-08,3711,觀察股,47.5,44.0,45.0,50.0,50.8,-4.207119741100324,12.135922330097088,,14.886731391585762
2026-09-08,3045,觀察股,47.2,35.0,22.0,50.0,70.8,5.084745762711865,4.23728813559322,,3.389830508474576
2026-09-08,2885,觀察股,47.2,35.0,15.0,50.0,74.8,-3.257790368271951,0.0,,-4.532577903682704
2026-09-08,1326,觀察股,47.0,35.0,30.0,50.0,65.8,-6.798866855524076,-5.807365439093477,,-4.107648725212453
2026-09-08,2301,觀察股,46.7,40.0,45.0,50.0,52.0,-5.841924398625429,-2.2336769759450172,,-2.2336769759450172
2026-09-08,2327,觀察股,46.5,39.0,30.0,50.0,60.8,-5.291005291005291,0.7054673721340388,,6.172839506172839
2026-09-08,5880,觀察股,46.3,35.0,37.0,50.0,59.8,0.5586592178770896,0.7448789571694573,,-3.1657355679702097
2026-09-09,2360,強力候選,62.8,74.0,45.0,50.0,68.8,-10.492505353319057,-0.4282655246252677,,-10.920770877944326
2026-09-09,2330,強力候選,60.8,64.0,45.0,50.0,71.8,-3.4482758620689653,1.4198782961460445,,1.8255578093306288
2026-09-09,2303,強力候選,59.8,64.0,45.0,50.0,68.8,0.35335689045936397,13.074204946996467,,14.13427561837456
2026-09-09,3711,強力候選,59.6,74.0,45.0,50.0,59.8,-5.46875,8.28125,,10.9375
2026-09-09,2317,強力候選,58.6,60.0,30.0,62.8,71.8,-1.5873015873015872,1.5873015873015872,,0.7936507936507936
2026-09-09,2382,強力候選,58.4,60.0,37.0,50.0,72.8,-0.43859649122807015,-0.14619883040935672,,-2.3391812865497075
2026-09-09,2207,強力候選,57.7,64.0,45.0,50.0,62.8,-1.8867924528301887,-1.8867924528301887,,-2.8301886792452833
2026-09-09,2354,觀察股,54.4,60.0,45.0,50.0,56.8,1.0852713178294617,2.1705426356589235,,2.635658914728687
2026-09-09,2615,觀察股,53.9,48.0,45.0,50.0,65.8,-0.8620689655172413,-2.1551724137931036,,-3.0172413793103448
2026-09-09,3017,觀察股,53.6,40.0,45.0,50.0,71.8,-6.06508875739645,2.6627218934911245,,3.8461538461538463
2026-09-09,3034,觀察股,53.0,38.0,45.0,50.0,71.8,0.9208103130755065,0.3683241252302026,,0.7366482504604052
2026-09-09,1303,觀察股,51.4,60.0,45.0,55.0,46.0,-5.2854122621564485,-3.8054968287526427,,7.399577167019028
2026-09-09,2308,觀察股,51.3,55.0,30.0,50.0,60.8,-4.735376044568245,5.8495821727019495,,6.128133704735376
2026-09-09,6505,觀察股,51.1,35.0,45.0,50.0,68.8,-8.0,-0.22857142857143184,,7.657142857142861
2026-09-09,2353,觀察股,51.1,60.0,37.0,50.0,52.0,0.6289308176100606,-0.7861635220125787,,0.15723270440251794
2026-09-09,2609,觀察股,50.9,38.0,45.0,50.0,65.8,2.9059829059829108,2.393162393162391,,0.512820512820508
2026-09-09,2412,觀察股,50.0,35.0,22.0,50.0,78.8,2.867383512544803,4.301075268817205,,4.301075268817205
2026-09-09,2891,觀察股,49.7,60.0,30.0,50.0,52.0,6.306306306306311,3.453453453453471,,1.951951951951969
2026-09-09,2337,觀察股,49.7,44.0,30.0,50.0,65.8,-5.928853754940711,-5.928853754940711,,-4.3478260869565215
2026-09-09,2454,觀察股,49.5,35.0,30.0,50.0,72.8,-2.054054054054054,12.108108108108109,,7.675675675675675
2026-09-09,5880,觀察股,48.4,35.0,37.0,50.0,65.8,1.8621973929236497,-0.37243947858473525,,-3.1657355679702097
2026-09-09,2892,觀察股,48.2,35.0,29.0,50.0,69.8,5.820105820105828,5.423280423280435,,2.380952380952396
2026-09-09,2301,觀察股,47.8,40.0,45.0,50.0,55.0,-5.299145299145299,-3.076923076923077,,-2.735042735042735
2026-09-09,4938,觀察股,47.6,60.0,30.0,50.0,46.0,-2.305159165751915,0.21953896816685275,,-0.987925356750814
2026-09-09,2357,觀察股,47.6,40.0,37.0,50.0,59.0,-4.085801838610827,-2.1450459652706844,,-1.4300306435137897
2026-09-09,2002,觀察股,47.4,42.0,37.0,50.0,56.8,-3.116883116883124,-3.116883116883124,,-1.558441558441562
2026-09-09,2885,觀察股,47.2,35.0,15.0,50.0,74.8,-0.4304160688665669,-0.1434720229555359,,-3.29985652797704
2026-09-09,1326,觀察股,47.0,35.0,30.0,50.0,65.8,-8.356545961002785,-8.913649025069628,,-5.710306406685229
2026-09-09,2886,觀察股,46.8,35.0,29.0,50.0,65.8,1.1928429423459275,-0.5964214711729565,,-2.882703777335976
2026-09-09,2327,觀察股,46.6,39.0,30.0,60.4,56.8,-5.132743362831858,1.415929203539823,,6.548672566371681
2026-09-09,2376,觀察股,46.2,35.0,45.0,50.0,55.0,0.14306151645207438,4.434907010014307,,5.436337625178827
2026-09-09,2408,觀察股,46.0,42.0,30.0,50.0,56.8,-5.831739961759083,-1.5296367112810707,,-0.7648183556405354
2026-09-10,2360,強力候選,60.8,64.0,45.0,50.0,71.8,-4.3577981651376145,5.275229357798166,,-4.587155963302752
2026-09-10,3034,強力候選,60.2,62.0,45.0,50.0,71.8,0.0,-0.3669724770642202,,0.3669724770642202
2026-09-10,2303,強力候選,60.0,60.0,45.0,50.0,72.8,3.508771929824561,8.070175438596491,,13.333333333333334
2026-09-10,6505,強力候選,58.6,60.0,45.0,50.0,68.8,0.0,1.160092807424594,,9.280742459396752
2026-09-10,2002,強力候選,58.0,54.0,30.0,50.0,80.8,-2.094240837696346,-2.3560209424083918,,-0.7853403141361367
2026-09-10,2317,強力候選,56.6,60.0,30.0,50.0,71.8,-0.199203187250996,-0.199203187250996,,1.1952191235059761
2026-09-10,2207,強力候選,56.5,60.0,45.0,50.0,62.8,0.7575757575757576,-3.4090909090909087,,-2.462121212121212
2026-09-10,2886,強力候選,56.4,60.0,29.0,50.0,71.8,4.008016032064128,-0.6012024048096136,,-2.1042084168336617
2026-09-10,3711,強力候選,55.4,60.0,45.0,50.0,59.8,-5.538461538461538,7.538461538461538,,9.230769230769232
2026-09-10,2382,強力候選,55.0,50.0,37.0,50.0,71.8,2.380952380952381,0.744047619047619,,-0.5952380952380952
2026-09-10,1326,觀察股,54.5,60.0,30.0,50.0,65.8,-3.7868162692847167,-6.030855539971946,,-5.049088359046276
2026-09-10,2330,觀察股,54.4,60.0,45.0,50.0,56.8,-1.0204081632653061,1.0204081632653061,,2.4489795918367347
2026-09-10,2327,觀察股,52.6,64.0,30.0,50.0,56.8,-7.517482517482517,1.3986013986013985,,5.244755244755245
2026-09-10,3017,觀察股,51.7,23.0,45.0,50.0,80.8,-7.947976878612717,2.745664739884393,,1.4450867052023122
2026-09-10,2892,觀察股,51.4,35.0,29.0,50.0,78.8,7.236842105263158,3.9473684210526314,,1.8421052631579022
2026-09-10,2353,觀察股,51.1,60.0,37.0,50.0,52.0,2.8571428571428523,0.7936507936507936,,1.1111111111111156
2026-09-10,2891,觀察股,51.1,60.0,30.0,50.0,56.0,5.794947994056472,1.783060921248147,,0.8915304606240841
2026-09-10,1303,觀察股,50.6,60.0,45.0,50.0,46.0,-3.278688524590164,-2.459016393442623,,4.098360655737705
2026-09-10,2412,觀察股,50.0,35.0,22.0,50.0,78.8,3.942652329749104,3.942652329749104,,4.301075268817205
2026-09-10,1301,觀察股,49.8,60.0,22.0,50.0,56.8,-1.5243902439024393,-2.286585365853659,,1.8292682926829311
2026-09-10,2609,觀察股,48.2,29.0,45.0,50.0,65.8,6.896551724137931,2.758620689655175,,1.3793103448275814
2026-09-10,2408,觀察股,48.1,49.0,30.0,50.0,56.8,-5.242718446601942,-2.3300970873786406,,0.7766990291262136
2026-09-10,2454,觀察股,48.1,35.0,30.0,50.0,68.8,-4.661016949152542,11.970338983050848,,5.508474576271186
2026-09-10,2357,觀察股,47.6,40.0,37.0,50.0,59.0,-4.145601617795753,-3.640040444893832,,-2.4266936299292214
2026-09-10,2883,觀察股,47.5,35.0,15.0,50.0,75.8,6.5860215053763325,4.704301075268817,,-0.8064516129032372
2026-09-10,2885,觀察股,47.2,35.0,15.0,50.0,74.8,-1.0043041606886698,-0.7173601147776184,,-3.29985652797704
2026-09-10,2354,觀察股,46.3,40.0,45.0,50.0,50.8,1.9999999999999956,1.3846153846153932,,1.8461538461538505
2026-09-10,5880,觀察股,46.3,35.0,37.0,50.0,59.8,2.607076350093107,-1.4897579143389277,,-3.1657355679702097
2026-09-10,2376,觀察股,46.2,35.0,45.0,50.0,55.0,0.995732574679943,2.844950213371266,,4.836415362731152
2026-09-11,3034,強力候選,60.4,52.0,45.0,50.0,80.8,2.010968921389397,-1.2797074954296161,,0.0
2026-09-11,2360,強力候選,59.6,60.0,45.0,50.0,71.8,6.018518518518518,1.1574074074074074,,-3.7037037037037033
2026-09-11,2330,強力候選,58.9,55.0,45.0,55.0,71.8,2.0746887966804977,2.6970954356846475,,4.149377593360995
2026-09-11,2609,強力候選,57.4,42.0,45.0,50.0,80.8,2.693602693602696,-1.6835016835016834,,-1.0101010101010124
2026-09-11,2207,強力候選,56.6,60.0,30.0,50.0,71.8,1.3207547169811322,-4.528301886792453,,-2.8301886792452833
2026-09-11,1303,觀察股,53.9,60.0,45.0,58.0,52.0,1.4925373134328357,5.330490405117271,,8.315565031982942
2026-09-11,2354,觀察股,53.9,48.0,45.0,50.0,65.8,0.0,-0.913242009132433,,0.76103500761035
2026-09-11,2303,觀察股,52.7,60.0,45.0,50.0,52.0,11.032028469750891,9.252669039145907,,14.94661921708185
2026-09-11,2412,觀察股,51.9,35.0,37.0,50.0,75.8,3.558718861209965,2.491103202846975,,3.558718861209965
2026-09-11,1301,觀察股,51.2,60.0,22.0,50.0,60.8,0.6191950464396374,0.0,,3.4055727554179613
2026-09-11,2891,觀察股,51.1,60.0,30.0,50.0,56.0,3.5767511177347333,2.3845007451564957,,1.1922503725782585
2026-09-11,3711,觀察股,50.5,54.0,45.0,50.0,50.8,3.2362459546925564,11.165048543689322,,14.886731391585762
2026-09-11,2603,觀察股,50.5,33.0,45.0,50.0,68.8,2.55863539445629,1.4925373134328357,,1.4925373134328357
2026-09-11,2892,觀察股,50.3,35.0,29.0,50.0,75.8,2.3136246786632357,-0.7712082262210724,,-0.5141388174807088
2026-09-11,2454,觀察股,50.2,35.0,37.0,55.0,68.8,2.7262813522355507,7.088331515812432,,8.615049073064341
2026-09-11,2337,觀察股,49.9,55.0,30.0,50.0,56.8,1.680672268907563,-0.42016806722689076,,1.680672268907563
2026-09-11,2382,觀察股,49.2,50.0,37.0,50.0,55.0,1.9316493313521546,0.0,,-0.7429420505200593
2026-09-11,1326,觀察股,49.1,35.0,30.0,50.0,71.8,-2.9914529914530035,-3.84615384615385,,-3.561253561253561
2026-09-11,2886,觀察股,48.9,35.0,29.0,50.0,71.8,-1.1605415860735036,-5.0290135396518405,,-5.512572533849132
2026-09-11,2379,觀察股,48.7,23.0,30.0,50.0,80.8,3.2670454545454546,7.954545454545454,,8.238636363636363
2026-09-11,2885,觀察股,47.6,35.0,15.0,60.0,71.8,0.0,-1.857142857142853,,-3.714285714285706
2026-09-11,5880,觀察股,46.3,35.0,37.0,50.0,59.8,0.36764705882353466,-4.2279411764705825,,-4.411764705882351
2026-09-11,3045,觀察股,46.2,35.0,29.0,55.0,61.8,2.479338842975207,0.0,,0.8264462809917356
2026-09-11,2376,觀察股,46.2,35.0,45.0,50.0,55.0,2.005730659025788,3.7249283667621778,,5.587392550143266
2026-09-14,3034,強力候選,64.0,64.0,45.0,50.0,80.8,-1.4388489208633095,-1.7985611510791366,,-1.618705035971223
2026-09-14,3711,強力候選,56.6,50.0,45.0,50.0,71.8,8.333333333333332,14.869281045751634,,16.013071895424837
2026-09-14,2207,強力候選,56.6,60.0,30.0,50.0,71.8,-2.7881040892193307,-5.390334572490707,,-4.275092936802974
2026-09-14,6505,強力候選,55.2,60.0,45.0,50.0,59.0,6.884057971014497,17.51207729468599,,13.768115942028993
2026-09-14,2303,觀察股,54.1,60.0,45.0,50.0,56.0,10.175438596491228,8.421052631578947,,13.333333333333334
2026-09-14,2609,觀察股,53.2,42.0,45.0,50.0,68.8,3.035413153457006,0.16863406408094675,,-0.8431703204047217
2026-09-14,1303,觀察股,52.7,60.0,45.0,50.0,52.0,2.3504273504273505,9.18803418803419,,8.547008547008547
2026-09-14,2412,觀察股,52.6,35.0,37.0,50.0,77.8,1.4035087719298245,0.7017543859649122,,2.1052631578947367
2026-09-14,2886,觀察股,52.4,35.0,29.0,50.0,81.8,-2.666666666666664,-6.380952380952383,,-6.95238095238095
2026-09-14,2360,觀察股,51.6,60.0,45.0,50.0,49.0,10.981308411214954,-0.23364485981308408,,-2.803738317757009
2026-09-14,2892,觀察股,51.0,35.0,22.0,50.0,81.8,-0.25094102885822184,-3.0112923462986267,,-2.885821831869507
2026-09-14,2891,觀察股,49.7,60.0,30.0,50.0,52.0,3.377386196769474,0.44052863436125017,,-0.2936857562408057
2026-09-14,2454,觀察股,49.5,35.0,37.0,50.0,68.8,9.868421052631579,7.894736842105263,,9.210526315789473
2026-09-14,3045,觀察股,49.3,35.0,29.0,50.0,72.8,2.4691358024691357,-1.646090534979424,,0.411522633744856
2026-09-14,2354,觀察股,48.4,40.0,45.0,50.0,56.8,0.30911901081916976,1.545595054095827,,2.31839258114374
2026-09-14,3017,觀察股,48.4,40.0,45.0,50.0,56.8,3.1722054380664653,3.7764350453172204,,6.042296072507553
2026-09-14,5880,觀察股,47.7,35.0,37.0,50.0,63.8,-0.9107468123861567,-4.918032786885238,,-5.282331511839706
2026-09-14,2883,觀察股,47.5,35.0,15.0,50.0,75.8,4.252577319587644,0.12886597938145428,,-4.896907216494842
2026-09-14,3036,觀察股,47.4,39.0,45.0,50.0,55.0,7.552083333333333,7.03125,,10.677083333333332
2026-09-15,3711,強力候選,56.3,45.0,45.0,58.0,71.8,17.06081081081081,19.93243243243243,,19.93243243243243
2026-09-15,2207,觀察股,54.5,60.0,30.0,50.0,65.8,-1.6981132075471699,-2.8301886792452833,,-2.8301886792452833
2026-09-15,2303,觀察股,54.1,60.0,45.0,50.0,56.0,15.523465703971121,16.60649819494585,,16.60649819494585
2026-09-15,2412,觀察股,53.7,35.0,37.0,50.0,80.8,1.0452961672473868,1.3937282229965158,,1.3937282229965158
2026-09-15,2354,觀察股,53.6,40.0,45.0,50.0,71.8,1.5479876160990713,2.4767801857585274,,2.4767801857585274
2026-09-15,3034,觀察股,52.3,39.0,45.0,50.0,68.8,2.957486136783734,1.1090573012939002,,1.1090573012939002
2026-09-15,2454,觀察股,52.2,60.0,37.0,50.0,55.0,16.93002257336343,12.415349887133182,,12.415349887133182
2026-09-15,2395,觀察股,51.1,38.0,30.0,50.0,74.8,2.627737226277372,5.547445255474453,,5.547445255474453
2026-09-15,2360,觀察股,50.2,55.0,45.0,50.0,49.0,17.307692307692307,0.0,,0.0
2026-09-15,2382,觀察股,49.6,25.0,37.0,50.0,77.8,2.7027027027027026,0.3003003003003003,,0.3003003003003003
2026-09-15,2891,觀察股,49.6,35.0,22.0,50.0,77.8,-0.1434720229555359,-2.582496413199422,,-2.582496413199422
2026-09-15,2886,觀察股,49.5,35.0,30.0,50.0,72.8,-2.509652509652504,-5.694980694980687,,-5.694980694980687
2026-09-15,2609,觀察股,49.3,29.0,45.0,50.0,68.8,3.4013605442176873,0.0,,0.0
2026-09-15,3045,觀察股,49.3,35.0,29.0,50.0,72.8,-0.8064516129032258,-1.6129032258064515,,-1.6129032258064515
2026-09-15,8046,觀察股,48.7,23.0,30.0,50.0,80.8,7.373271889400922,30.87557603686636,,30.87557603686636
2026-09-15,2892,觀察股,47.9,35.0,22.0,50.0,72.8,0.884955752212393,-2.1491782553729313,,-2.1491782553729313
2026-09-15,6505,觀察股,47.6,35.0,45.0,50.0,59.0,5.186972255729791,13.630880579010851,,13.630880579010851
2026-09-15,3036,觀察股,47.4,39.0,45.0,50.0,55.0,6.493506493506493,10.38961038961039,,10.38961038961039
2026-09-15,3017,觀察股,46.9,35.0,45.0,50.0,56.8,8.828250401284109,12.680577849117174,,12.680577849117174
2026-09-15,1303,觀察股,46.7,40.0,45.0,50.0,52.0,4.514672686230249,14.672686230248308,,14.672686230248308
2026-09-16,3034,強力候選,56.2,52.0,45.0,50.0,68.8,-0.5474452554744526,,,-0.18248175182481752
2026-09-16,6505,強力候選,55.0,60.0,45.0,58.0,55.0,8.447204968944096,,,17.018633540372676
2026-09-16,2395,觀察股,53.0,62.0,30.0,50.0,59.8,0.8633093525179856,,,4.028776978417266
2026-09-16,2454,觀察股,52.8,60.0,37.0,50.0,56.8,14.459161147902869,,,9.933774834437086
2026-09-16,2303,觀察股,52.7,60.0,45.0,50.0,52.0,12.676056338028168,,,13.732394366197184
2026-09-16,2353,觀察股,50.4,38.0,37.0,50.0,68.8,-1.4062499999999978,,,-0.46874999999999556
2026-09-16,8046,觀察股,49.9,27.0,30.0,50.0,80.8,9.502262443438914,,,28.50678733031674
2026-09-16,3045,觀察股,49.3,35.0,29.0,50.0,72.8,-1.2048192771084338,,,-2.0080321285140563
2026-09-16,2609,觀察股,49.0,42.0,45.0,50.0,56.8,-0.4983388704319008,,,-2.3255813953488467
2026-09-16,2886,觀察股,48.5,35.0,30.0,57.5,66.8,-1.7681728880157142,,,-4.02750491159135
2026-09-16,2354,觀察股,48.4,40.0,45.0,50.0,56.8,1.073619631901845,,,1.5337423312883436
2026-09-16,2379,觀察股,48.2,32.0,30.0,50.0,71.8,5.694444444444445,,,5.833333333333333
2026-09-16,2360,觀察股,47.8,40.0,45.0,50.0,55.0,11.24401913875598,,,-0.4784688995215311
2026-09-16,2891,觀察股,47.5,35.0,22.0,50.0,71.8,-2.683615819209028,,,-4.096045197740101
2026-09-16,5880,觀察股,47.5,35.0,15.0,50.0,75.8,-2.193784277879347,,,-4.936014625228524
2026-09-16,2883,觀察股,47.5,35.0,22.0,50.0,71.8,0.5108556832694837,,,-5.747126436781609
2026-09-16,2382,觀察股,47.5,48.0,37.0,50.0,52.0,0.2936857562408223,,,-1.908957415565345
2026-09-16,3017,觀察股,46.9,35.0,45.0,50.0,56.8,9.291338582677165,,,10.551181102362204
2026-09-16,1303,觀察股,46.7,40.0,45.0,50.0,52.0,1.5625,,,13.392857142857142
2026-09-16,2412,觀察股,46.3,35.0,37.0,50.0,59.8,1.3937282229965158,,,1.3937282229965158
2026-09-17,2353,強力候選,60.0,70.0,37.0,50.0,68.8,-2.0061728395061684,,,-1.6975308641975222
2026-09-17,2303,強力候選,58.6,60.0,45.0,50.0,68.8,4.406779661016949,,,9.491525423728813
2026-09-17,2382,強力候選,57.0,60.0,37.0,50.0,68.8,-1.5988372093023258,,,-2.9069767441860463
2026-09-17,2886,觀察股,54.9,60.0,30.0,50.0,66.8,-4.431599229287085,,,-5.876685934489397
2026-09-17,3034,觀察股,54.8,44.0,45.0,50.0,71.8,-0.3669724770642202,,,0.3669724770642202
2026-09-17,2609,觀察股,54.2,49.0,45.0,50.0,65.8,-3.8709677419354813,,,-5.16129032258065
2026-09-17,2354,觀察股,53.9,48.0,45.0,50.0,65.8,-0.6033182503770611,,,-0.15082956259425992
2026-09-17,2603,觀察股,53.3,62.0,45.0,50.0,52.0,0.2061855670103093,,,-1.8556701030927836
2026-09-17,2454,觀察股,52.8,60.0,37.0,50.0,56.8,17.444444444444446,,,10.666666666666668
2026-09-17,3036,觀察股,50.8,50.0,45.0,50.0,55.0,1.4705882352941175,,,4.166666666666666
2026-09-17,2379,觀察股,50.3,39.0,30.0,50.0,71.8,4.755244755244755,,,6.573426573426573
2026-09-17,2615,觀察股,50.0,42.0,45.0,50.0,59.8,-4.149377593360995,,,-6.639004149377594
2026-09-17,2317,觀察股,50.0,38.0,30.0,50.0,71.8,0.0,,,1.3972055888223553
2026-09-17,2395,觀察股,50.0,52.0,30.0,50.0,59.8,5.247813411078718,,,5.393586005830904
2026-09-17,1303,觀察股,49.1,48.0,45.0,50.0,52.0,0.847457627118644,,,7.627118644067797
2026-09-17,2330,觀察股,48.6,38.0,45.0,50.0,59.0,2.0618556701030926,,,3.5051546391752577
2026-09-17,3045,觀察股,47.9,35.0,29.0,50.0,68.8,-1.2096774193548387,,,-1.6129032258064515
2026-09-17,2207,觀察股,47.8,48.0,30.0,50.0,56.8,-4.135338345864661,,,-3.195488721804511
2026-09-17,2360,觀察股,47.8,40.0,45.0,50.0,55.0,10.071942446043165,,,-0.2398081534772182
2026-09-17,2891,觀察股,47.5,35.0,22.0,50.0,71.8,-3.792134831460678,,,-4.634831460674153
2026-09-17,2883,觀察股,47.5,35.0,22.0,50.0,71.8,-1.7654476670870007,,,-6.935687263556116
2026-09-17,2881,觀察股,47.3,64.0,7.0,50.0,55.0,-0.9900990099009901,,,-0.6600660066006601
2026-09-17,2412,觀察股,46.3,35.0,37.0,50.0,59.8,0.0,,,0.3448275862068966
2026-09-17,2376,觀察股,46.1,38.0,45.0,50.0,52.0,1.8309859154929577,,,3.8028169014084505
2026-09-17,5880,觀察股,46.1,35.0,15.0,50.0,71.8,-3.9927404718693333,,,-5.62613430127042
2026-09-18,3034,強力候選,64.0,64.0,45.0,50.0,80.8,-3.225806451612903,,,-1.971326164874552
2026-09-18,3036,強力候選,59.4,74.0,45.0,50.0,59.0,0.9732360097323601,,,3.40632603406326
2026-09-18,2353,強力候選,58.2,64.0,37.0,50.0,68.8,-1.721439749608766,,,-0.3129890453834049
2026-09-18,3711,強力候選,57.5,60.0,45.0,50.0,65.8,7.6802507836990594,,,11.285266457680251
2026-09-18,2891,強力候選,56.1,60.0,22.0,50.0,74.8,-1.1510791366906434,,,-2.302158273381287
2026-09-18,2615,強力候選,56.0,62.0,45.0,50.0,59.8,-7.883817427385892,,,-6.639004149377594
2026-09-18,2886,強力候選,55.9,60.0,30.0,50.0,69.8,-3.9138943248532287,,,-4.403131115459883
2026-09-18,2609,強力候選,55.6,64.0,45.0,50.0,56.8,-4.262295081967215,,,-3.6065573770491848
2026-09-18,2379,強力候選,55.0,44.0,30.0,50.0,80.8,4.53920220082531,,,4.814305364511692
2026-09-18,2885,觀察股,54.3,60.0,22.0,50.0,69.8,-1.857142857142853,,,-3.714285714285706
2026-09-18,2303,觀察股,54.2,35.0,45.0,50.0,77.8,-1.6025641025641024,,,3.5256410256410255
2026-09-18,2360,觀察股,53.8,60.0,45.0,50.0,55.0,-4.585152838427948,,,-9.170305676855897
2026-09-18,2382,觀察股,52.3,64.0,37.0,50.0,52.0,-1.8950437317784257,,,-2.623906705539359
2026-09-18,2408,觀察股,52.1,38.0,30.0,50.0,77.8,-3.619047619047619,,,-1.1428571428571428
2026-09-18,2603,觀察股,51.4,52.0,45.0,50.0,55.0,-1.0395010395010396,,,-1.0395010395010396
2026-09-18,2892,觀察股,50.0,35.0,22.0,50.0,78.8,-3.0150753768844116,,,-2.763819095477373
2026-09-18,6415,觀察股,49.6,44.0,45.0,50.0,56.8,-6.514285714285714,,,-5.6000000000000005
2026-09-18,1303,觀察股,49.1,48.0,45.0,50.0,52.0,3.7815126050420167,,,6.722689075630252
2026-09-18,5880,觀察股,48.6,35.0,15.0,50.0,78.8,-4.5787545787545785,,,-4.7619047619047645
2026-09-18,2454,觀察股,48.4,35.0,37.0,50.0,65.8,4.246284501061571,,,5.7324840764331215
2026-09-18,2207,觀察股,47.8,48.0,30.0,50.0,56.8,-5.772811918063315,,,-4.0968342644320295
2026-09-18,3017,觀察股,47.8,38.0,45.0,50.0,56.8,-0.8746355685131195,,,2.3323615160349855
2026-09-18,2376,觀察股,47.3,42.0,45.0,50.0,52.0,1.6853932584269662,,,3.51123595505618
2026-09-18,2330,觀察股,47.2,38.0,45.0,50.0,55.0,0.6097560975609756,,,2.0325203252032518
2026-09-18,2395,觀察股,46.9,52.0,30.0,50.0,50.8,5.797101449275362,,,4.782608695652174
2026-09-18,2412,觀察股,46.3,35.0,37.0,50.0,59.8,-1.0309278350515463,,,0.0
2026-09-21,2330,強力候選,67.0,74.0,45.0,50.0,80.8,0.0,,,1.2096774193548387
2026-09-21,3034,強力候選,64.0,64.0,45.0,50.0,80.8,-0.36496350364963503,,,-0.18248175182481752
2026-09-21,2603,強力候選,60.4,52.0,45.0,50.0,80.8,-1.0330578512396695,,,-1.6528925619834711
2026-09-21,2886,強力候選,59.1,60.0,30.0,50.0,78.8,-3.8160469667319035,,,-4.403131115459883
2026-09-21,3711,強力候選,58.7,64.0,45.0,50.0,65.8,6.033182503770739,,,7.088989441930618
2026-09-21,2379,強力候選,58.7,74.0,30.0,50.0,65.8,2.7027027027027026,,,2.9729729729729732
2026-09-21,2303,強力候選,58.6,60.0,45.0,50.0,68.8,-1.5923566878980893,,,2.8662420382165608
2026-09-21,2353,強力候選,58.2,64.0,37.0,50.0,68.8,-1.5552099533437014,,,-0.9331259720062121
2026-09-21,2376,強力候選,56.9,74.0,45.0,50.0,52.0,-2.5815217391304346,,,0.1358695652173913
2026-09-21,2308,強力候選,56.2,54.0,30.0,50.0,75.8,0.8,,,1.6
2026-09-21,2891,強力候選,56.1,60.0,22.0,50.0,74.8,-2.840909090909091,,,-3.5511363636363633
2026-09-21,2360,觀察股,55.8,60.0,45.0,50.0,60.8,-10.105263157894736,,,-12.421052631578949
2026-09-21,2609,強力候選,55.6,64.0,45.0,50.0,56.8,-2.782324058919808,,,-3.764320785597388
2026-09-21,3036,強力候選,55.3,64.0,45.0,50.0,56.0,-0.48426150121065376,,,2.9055690072639226
2026-09-21,2885,觀察股,52.9,60.0,22.0,50.0,65.8,-2.6988636363636442,,,-4.261363636363636
2026-09-21,2382,觀察股,52.3,64.0,37.0,50.0,52.0,-3.1930333817126266,,,-3.0478955007256894
2026-09-21,6505,觀察股,51.6,60.0,45.0,50.0,49.0,9.943502824858754,,,6.440677966101697
2026-09-21,2408,觀察股,51.2,42.0,30.0,50.0,71.8,0.5813953488372093,,,0.5813953488372093
2026-09-21,2615,觀察股,51.0,44.0,45.0,50.0,60.8,-2.564102564102564,,,-3.8461538461538463
2026-09-21,1303,觀察股,50.3,52.0,45.0,50.0,52.0,6.6805845511482245,,,6.05427974947808
2026-09-21,2892,觀察股,50.0,35.0,22.0,50.0,78.8,-2.76729559748428,,,-2.641509433962257
2026-09-21,2474,觀察股,49.8,62.0,15.0,50.0,59.0,-2.132701421800948,,,-1.6587677725118484
2026-09-21,6415,觀察股,49.6,44.0,45.0,50.0,56.8,-4.3274853801169595,,,-3.3918128654970756
2026-09-21,5880,觀察股,48.6,35.0,15.0,50.0,78.8,-4.044117647058816,,,-4.411764705882351
2026-09-21,2454,觀察股,48.4,35.0,37.0,50.0,65.8,-1.7964071856287425,,,-0.5988023952095809
2026-09-21,3017,觀察股,47.3,42.0,45.0,50.0,52.0,0.5856515373352855,,,2.781844802342606
2026-09-21,2395,觀察股,46.9,52.0,30.0,50.0,50.8,2.8328611898017,,,2.4079320113314444
2026-09-21,2337,觀察股,46.7,27.0,30.0,50.0,71.8,2.083333333333333,,,0.8333333333333334
2026-09-21,2412,觀察股,46.3,35.0,37.0,50.0,59.8,-0.6920415224913495,,,0.6920415224913495
2026-09-22,3034,強力候選,64.0,64.0,45.0,50.0,80.8,-1.7953321364452424,,,-1.7953321364452424
2026-09-22,2308,強力候選,62.2,74.0,30.0,50.0,75.8,0.2631578947368421,,,0.2631578947368421
2026-09-22,2330,強力候選,60.8,64.0,45.0,50.0,71.8,2.0325203252032518,,,2.0325203252032518
2026-09-22,2317,強力候選,57.7,54.0,30.0,69.2,71.8,0.3952569169960474,,,0.3952569169960474
2026-09-22,3711,強力候選,57.7,39.0,45.0,58.0,80.8,2.4531024531024532,,,2.4531024531024532
2026-09-22,2603,強力候選,57.2,52.0,45.0,50.0,71.8,-1.8556701030927836,,,-1.8556701030927836
2026-09-22,2609,強力候選,56.8,64.0,45.0,58.0,56.8,-3.289473684210526,,,-3.289473684210526
2026-09-22,5880,強力候選,56.1,60.0,15.0,50.0,78.8,-3.881700554528653,,,-3.881700554528653
2026-09-22,2379,強力候選,55.7,64.0,30.0,50.0,65.8,0.9271523178807948,,,0.9271523178807948
2026-09-22,6415,強力候選,55.6,64.0,45.0,50.0,56.8,-3.953488372093023,,,-3.953488372093023
2026-09-22,2327,強力候選,55.3,44.0,30.0,50.0,81.8,5.42907180385289,,,5.42907180385289
2026-09-22,2376,強力候選,55.0,64.0,45.0,50.0,55.0,0.5457025920873124,,,0.5457025920873124
2026-09-22,2891,觀察股,54.7,60.0,22.0,62.0,65.8,-2.442528735632168,,,-2.442528735632168
2026-09-22,2885,觀察股,54.1,64.0,22.0,50.0,65.8,-4.532577903682704,,,-4.532577903682704
2026-09-22,2886,觀察股,53.8,60.0,30.0,50.0,63.8,-3.267326732673265,,,-3.267326732673265
2026-09-22,6505,觀察股,52.8,64.0,45.0,50.0,49.0,8.027522935779816,,,8.027522935779816
2026-09-22,2382,觀察股,52.3,64.0,37.0,50.0,52.0,-2.3391812865497075,,,-2.3391812865497075
2026-09-22,2303,觀察股,51.1,35.0,45.0,50.0,68.8,0.9375,,,0.9375
2026-09-22,8046,觀察股,51.0,54.0,30.0,50.0,60.8,21.888412017167383,,,21.888412017167383
2026-09-22,2615,觀察股,51.0,44.0,45.0,50.0,60.8,-3.4334763948497855,,,-3.4334763948497855
2026-09-22,2354,觀察股,50.8,48.0,45.0,50.0,56.8,0.9146341463414766,,,0.9146341463414766
2026-09-22,2353,觀察股,50.7,39.0,37.0,50.0,68.8,1.4331210191082893,,,1.4331210191082893
2026-09-22,2892,觀察股,50.0,35.0,22.0,50.0,78.8,-3.007518796992471,,,-3.007518796992471
2026-09-22,2454,觀察股,49.6,39.0,37.0,50.0,65.8,-3.861003861003861,,,-3.861003861003861
2026-09-22,2360,觀察股,49.5,39.0,45.0,50.0,60.8,-14.754098360655737,,,-14.754098360655737
2026-09-22,3036,觀察股,48.8,39.0,45.0,50.0,59.0,3.6585365853658534,,,3.6585365853658534
2026-09-22,2881,觀察股,48.4,44.0,7.0,58.0,71.8,-2.5889967637540456,,,-2.5889967637540456
2026-09-22,3017,觀察股,48.4,42.0,45.0,50.0,55.0,3.5398230088495577,,,3.5398230088495577
2026-09-22,2474,觀察股,47.9,52.0,15.0,57.5,59.0,-1.1904761904761905,,,-1.1904761904761905
2026-09-22,2408,觀察股,47.3,29.0,30.0,50.0,71.8,4.426559356136821,,,4.426559356136821
2026-09-22,2395,觀察股,46.9,52.0,30.0,50.0,50.8,2.844950213371266,,,2.844950213371266
2026-09-22,3045,觀察股,46.8,35.0,29.0,50.0,65.8,-0.8130081300813009,,,-0.8130081300813009
2026-09-22,1303,觀察股,46.7,40.0,45.0,50.0,52.0,9.719222462203025,,,9.719222462203025
2026-09-22,2412,觀察股,46.3,35.0,37.0,50.0,59.8,0.3448275862068966,,,0.3448275862068966
2026-09-22,1326,觀察股,46.1,25.0,30.0,50.0,71.8,1.804511278195493,,,1.804511278195493
2026-09-23,2376,強力候選,64.0,64.0,45.0,50.0,80.8,,,,0.9589041095890412
2026-09-23,2317,強力候選,62.0,74.0,30.0,57.5,71.8,,,,-0.78125
2026-09-23,2379,強力候選,61.0,64.0,30.0,50.0,80.8,,,,0.1314060446780552
2026-09-23,2327,強力候選,59.2,64.0,30.0,50.0,75.8,,,,5.06108202443281
2026-09-23,2308,強力候選,58.2,64.0,30.0,50.0,72.8,,,,0.2631578947368421
2026-09-23,6505,強力候選,57.7,64.0,45.0,50.0,62.8,,,,7.903780068728529
2026-09-23,2609,強力候選,55.7,40.0,45.0,50.0,77.8,,,,-1.836393989983308
2026-09-23,2330,強力候選,55.6,64.0,45.0,50.0,56.8,,,,0.4
2026-09-23,2360,觀察股,54.9,64.0,45.0,50.0,54.8,,,,-10.53763440860215
2026-09-23,2454,觀察股,54.9,39.0,37.0,50.0,80.8,,,,-3.953712632594021
2026-09-23,3017,觀察股,54.4,62.0,45.0,50.0,55.0,,,,1.1527377521613833
2026-09-23,2891,觀察股,52.9,60.0,22.0,50.0,65.8,,,,-1.4513788098693758
2026-09-23,6415,觀察股,52.6,54.0,45.0,50.0,56.8,,,,-3.051643192488263
2026-09-23,2382,觀察股,52.3,64.0,37.0,50.0,52.0,,,,-2.1961932650073206
2026-09-23,2395,觀察股,52.1,52.0,30.0,50.0,65.8,,,,3.138373751783167
2026-09-23,2408,觀察股,51.2,42.0,30.0,50.0,71.8,,,,0.7766990291262136
2026-09-23,2303,觀察股,51.1,35.0,45.0,50.0,68.8,,,,0.9375
2026-09-23,2354,觀察股,50.8,48.0,45.0,50.0,56.8,,,,0.45523520485583785
2026-09-23,3045,觀察股,50.0,35.0,29.0,50.0,74.8,,,,-0.8130081300813009
2026-09-23,2885,觀察股,49.8,60.0,22.0,50.0,56.8,,,,-3.1609195402298687
2026-09-23,2883,觀察股,49.8,60.0,22.0,50.0,56.8,,,,-6.226175349428216
2026-09-23,8046,觀察股,49.6,54.0,30.0,50.0,56.8,,,,17.355371900826448
2026-09-23,3711,觀察股,49.1,39.0,45.0,50.0,59.8,,,,2.4531024531024532
2026-09-23,2603,觀察股,49.1,48.0,45.0,50.0,52.0,,,,-2.05761316872428
2026-09-23,3036,觀察股,48.8,39.0,45.0,50.0,59.0,,,,3.1553398058252426
2026-09-23,3034,觀察股,48.4,40.0,45.0,50.0,56.8,,,,0.3669724770642202
2026-09-23,2886,觀察股,48.4,35.0,30.0,50.0,69.8,,,,-2.299999999999997
2026-09-23,2615,觀察股,48.3,35.0,45.0,50.0,60.8,,,,-0.881057268722467
2026-09-23,2892,觀察股,46.5,35.0,22.0,50.0,68.8,,,,-2.885821831869507
2026-09-23,2412,觀察股,46.3,35.0,37.0,50.0,59.8,,,,0.0
2026-09-23,1303,觀察股,46.2,35.0,45.0,50.0,55.0,,,,11.648351648351648
2026-09-23,1326,觀察股,46.1,25.0,30.0,50.0,71.8,,,,3.5168195718654385
2026-09-24,2376,強力候選,64.0,64.0,45.0,50.0,80.8,,,,1.9363762102351314
2026-09-24,8046,強力候選,58.7,74.0,30.0,50.0,65.8,,,,14.516129032258066
2026-09-24,2308,強力候選,58.2,64.0,30.0,50.0,72.8,,,,-0.2617801047120419
2026-09-24,2379,強力候選,57.8,64.0,30.0,50.0,71.8,,,,1.7356475300400533
2026-09-24,6505,強力候選,57.7,64.0,45.0,50.0,62.8,,,,8.027522935779816
2026-09-24,2327,強力候選,56.2,54.0,30.0,50.0,75.8,,,,3.793103448275862
2026-09-24,2609,強力候選,55.7,40.0,45.0,50.0,77.8,,,,-1.342281879194638
2026-09-24,2395,強力候選,55.7,64.0,30.0,50.0,65.8,,,,0.13850415512465375
2026-09-24,2330,強力候選,55.6,64.0,45.0,50.0,56.8,,,,1.4141414141414141
2026-09-24,2454,觀察股,54.9,39.0,37.0,50.0,80.8,,,,-5.7710501419110685
2026-09-24,2360,觀察股,54.9,64.0,45.0,50.0,54.8,,,,-9.368191721132897
2026-09-24,3045,觀察股,54.0,60.0,29.0,50.0,64.8,,,,-0.40816326530612246
2026-09-24,2892,觀察股,54.0,60.0,22.0,50.0,68.8,,,,-2.025316455696195
2026-09-24,2408,觀察股,53.3,49.0,30.0,50.0,71.8,,,,3.180914512922465
2026-09-24,6415,觀察股,52.6,54.0,45.0,50.0,56.8,,,,-2.937720329024677
2026-09-24,3034,觀察股,52.1,35.0,45.0,50.0,71.8,,,,0.7366482504604052
2026-09-24,3017,觀察股,51.4,52.0,45.0,50.0,55.0,,,,-1.2658227848101267
2026-09-24,2412,觀察股,50.5,35.0,37.0,50.0,71.8,,,,0.3448275862068966
2026-09-24,2317,觀察股,50.4,59.0,30.0,50.0,55.0,,,,1.3972055888223553
2026-09-24,2303,觀察股,50.0,35.0,45.0,50.0,65.8,,,,4.870129870129871
2026-09-24,2891,觀察股,49.2,60.0,22.0,50.0,55.0,,,,-0.8759124087591158
2026-09-24,2603,觀察股,49.1,48.0,45.0,50.0,52.0,,,,-2.05761316872428
2026-09-24,3711,觀察股,47.9,35.0,45.0,50.0,59.8,,,,1.5736766809728182
2026-09-24,3036,觀察股,47.6,35.0,45.0,50.0,59.0,,,,2.657004830917874
2026-09-24,1303,觀察股,46.1,48.0,45.0,58.0,40.0,,,,6.722689075630252
2026-09-25,2376,強力候選,64.0,64.0,45.0,50.0,80.8,,,,1.9363762102351314
2026-09-25,6505,強力候選,58.8,64.0,45.0,57.5,62.8,,,,8.027522935779816
2026-09-25,8046,強力候選,58.7,74.0,30.0,50.0,65.8,,,,14.516129032258066
2026-09-25,2308,強力候選,58.2,64.0,30.0,50.0,72.8,,,,-0.2617801047120419
2026-09-25,2379,強力候選,57.8,64.0,30.0,50.0,71.8,,,,1.7356475300400533
2026-09-25,2327,強力候選,56.2,54.0,30.0,50.0,75.8,,,,3.793103448275862
2026-09-25,2609,強力候選,55.7,40.0,45.0,50.0,77.8,,,,-1.342281879194638
2026-09-25,2395,強力候選,55.7,64.0,30.0,50.0,65.8,,,,0.13850415512465375
2026-09-25,2360,觀察股,55.6,64.0,45.0,50.0,56.8,,,,-9.368191721132897
2026-09-25,2330,強力候選,55.6,64.0,45.0,50.0,56.8,,,,1.4141414141414141
2026-09-25,2454,觀察股,54.9,39.0,37.0,50.0,80.8,,,,-5.7710501419110685
2026-09-25,3045,觀察股,54.0,60.0,29.0,50.0,64.8,,,,-0.40816326530612246
2026-09-25,2892,觀察股,54.0,60.0,22.0,50.0,68.8,,,,-2.025316455696195
2026-09-25,2408,觀察股,53.3,49.0,30.0,50.0,71.8,,,,3.180914512922465
2026-09-25,6415,觀察股,52.6,54.0,45.0,50.0,56.8,,,,-2.937720329024677
2026-09-25,2412,觀察股,52.6,35.0,37.0,50.0,77.8,,,,0.3448275862068966
2026-09-25,3034,觀察股,52.1,35.0,45.0,50.0,71.8,,,,0.7366482504604052
2026-09-25,2317,觀察股,51.8,59.0,30.0,50.0,59.0,,,,1.3972055888223553
2026-09-25,3017,觀察股,51.4,52.0,45.0,50.0,55.0,,,,-1.2658227848101267
2026-09-25,2603,觀察股,50.5,48.0,45.0,50.0,56.0,,,,-2.05761316872428
2026-09-25,2303,觀察股,50.0,35.0,45.0,50.0,65.8,,,,4.870129870129871
2026-09-25,3711,觀察股,47.9,35.0,45.0,50.0,59.8,,,,1.5736766809728182
2026-09-25,1303,觀察股,46.3,48.0,45.0,50.0,44.0,,,,6.722689075630252
2026-09-25,3036,觀察股,46.2,35.0,45.0,50.0,55.0,,,,2.657004830917874
2026-09-28,2376,強力候選,64.0,64.0,45.0,50.0,80.8,,,,1.9363762102351314
2026-09-28,8046,強力候選,58.7,74.0,30.0,50.0,65.8,,,,14.516129032258066
2026-09-28,2308,強力候選,58.2,64.0,30.0,50.0,72.8,,,,-0.2617801047120419
2026-09-28,2379,強力候選,57.8,64.0,30.0,50.0,71.8,,,,1.7356475300400533
2026-09-28,6505,強力候選,57.7,64.0,45.0,50.0,62.8,,,,8.027522935779816
2026-09-28,2327,強力候選,56.2,54.0,30.0,50.0,75.8,,,,3.793103448275862
2026-09-28,2609,強力候選,55.7,40.0,45.0,50.0,77.8,,,,-1.342281879194638
2026-09-28,2395,強力候選,55.7,64.0,30.0,50.0,65.8,,,,0.13850415512465375
2026-09-28,2360,強力候選,55.6,64.0,45.0,50.0,56.8,,,,-9.368191721132897
2026-09-28,2330,強力候選,55.6,64.0,45.0,50.0,56.8,,,,1.4141414141414141
2026-09-28,2454,觀察股,54.9,39.0,37.0,50.0,80.8,,,,-5.7710501419110685
2026-09-28,3045,觀察股,54.0,60.0,29.0,50.0,64.8,,,,-0.40816326530612246
2026-09-28,2892,觀察股,54.0,60.0,22.0,50.0,68.8,,,,-2.025316455696195
2026-09-28,2408,觀察股,53.3,49.0,30.0,50.0,71.8,,,,3.180914512922465
2026-09-28,6415,觀察股,52.6,54.0,45.0,50.0,56.8,,,,-2.937720329024677
2026-09-28,2412,觀察股,52.6,35.0,37.0,50.0,77.8,,,,0.3448275862068966
2026-09-28,3034,觀察股,52.1,35.0,45.0,50.0,71.8,,,,0.7366482504604052
2026-09-28,2317,觀察股,51.8,59.0,30.0,50.0,59.0,,,,1.3972055888223553
2026-09-28,3017,觀察股,51.4,52.0,45.0,50.0,55.0,,,,-1.2658227848101267
2026-09-28,2603,觀察股,50.5,48.0,45.0,50.0,56.0,,,,-2.05761316872428
2026-09-28,2303,觀察股,50.0,35.0,45.0,50.0,65.8,,,,4.870129870129871
2026-09-28,2891,觀察股,49.2,60.0,22.0,50.0,55.0,,,,-0.8759124087591158
2026-09-28,3711,觀察股,47.9,35.0,45.0,50.0,59.8,,,,1.5736766809728182
2026-09-28,1303,觀察股,46.3,48.0,45.0,50.0,44.0,,,,6.722689075630252
2026-09-28,3036,觀察股,46.2,35.0,45.0,50.0,55.0,,,,2.657004830917874
2026-09-29,2376,強力候選,60.1,64.0,45.0,50.0,69.8,,,,1.7955801104972375
2026-09-29,2454,強力候選,58.0,60.0,37.0,50.0,71.8,,,,1.4256619144602851
2026-09-29,2395,強力候選,57.8,64.0,30.0,50.0,71.8,,,,-0.9589041095890412
2026-09-29,2360,強力候選,55.8,60.0,45.0,50.0,60.8,,,,-4.805491990846682
2026-09-29,2379,強力候選,55.6,60.0,30.0,50.0,68.8,,,,0.2631578947368421
2026-09-29,3036,強力候選,55.3,35.0,45.0,50.0,80.8,,,,2.4096385542168677
2026-09-29,8046,觀察股,54.5,60.0,30.0,50.0,65.8,,,,11.811023622047244
2026-09-29,2303,觀察股,53.8,60.0,45.0,50.0,55.0,,,,5.211726384364821
2026-09-29,3711,觀察股,52.3,60.0,45.0,50.0,50.8,,,,3.3478893740902476
2026-09-29,2308,觀察股,52.3,64.0,30.0,50.0,56.0,,,,3.8147138964577656
2026-09-29,2354,觀察股,52.1,35.0,45.0,50.0,71.8,,,,1.6897081413210577
2026-09-29,6505,觀察股,51.2,39.0,45.0,50.0,65.8,,,,-0.10604453870625061
2026-09-29,2609,觀察股,51.1,35.0,45.0,50.0,68.8,,,,0.6849315068493127
2026-09-29,1303,觀察股,50.8,48.0,45.0,50.0,56.8,,,,2.834008097165992
2026-09-29,2317,觀察股,50.6,55.0,30.0,50.0,59.0,,,,1.3972055888223553
2026-09-29,2412,觀察股,50.5,35.0,37.0,50.0,71.8,,,,1.0416666666666665
2026-09-29,6415,觀察股,49.9,45.0,45.0,50.0,56.8,,,,0.9779951100244498
2026-09-29,2330,觀察股,49.7,64.0,45.0,50.0,40.0,,,,1.4141414141414141
2026-09-29,2603,觀察股,49.2,40.0,45.0,50.0,59.0,,,,0.0
2026-09-29,3034,觀察股,48.3,35.0,45.0,50.0,60.8,,,,1.2962962962962963
2026-09-29,2892,觀察股,48.0,40.0,22.0,50.0,68.8,,,,0.259067357512957
2026-09-29,2382,觀察股,46.0,35.0,37.0,50.0,59.0,,,,-0.7429420505200593
2026-09-30,1303,強力候選,64.0,64.0,45.0,50.0,80.8,,,,-0.5870841487279843
2026-09-30,2376,強力候選,57.0,64.0,45.0,50.0,60.8,,,,2.789400278940028
2026-09-30,2609,觀察股,52.6,40.0,45.0,50.0,68.8,,,,-1.0101010101010124
2026-09-30,8046,觀察股,52.3,35.0,30.0,50.0,80.8,,,,5.970149253731343
2026-09-30,3711,觀察股,52.3,60.0,45.0,50.0,50.8,,,,0.995732574679943
2026-09-30,2330,觀察股,52.3,64.0,45.0,58.0,44.0,,,,1.2096774193548387
2026-09-30,2454,觀察股,52.2,60.0,37.0,50.0,55.0,,,,1.2195121951219512
2026-09-30,2354,觀察股,52.0,48.0,45.0,58.0,56.8,,,,0.76103500761035
2026-09-30,2308,觀察股,50.9,64.0,30.0,50.0,52.0,,,,0.7936507936507936
2026-09-30,2317,觀察股,50.8,60.0,30.0,50.0,55.0,,,,0.9940357852882704
2026-09-30,3034,觀察股,50.8,48.0,45.0,50.0,56.8,,,,0.18315018315018314
2026-09-30,1301,觀察股,50.7,42.0,22.0,50.0,74.8,,,,-1.9089574155653413
2026-09-30,2412,觀察股,50.5,35.0,37.0,50.0,71.8,,,,1.3937282229965158
2026-09-30,2395,觀察股,50.3,39.0,30.0,50.0,71.8,,,,-0.4132231404958678
2026-09-30,6505,觀察股,50.0,35.0,45.0,50.0,65.8,,,,-3.1860226104830365
2026-09-30,6415,觀察股,49.9,45.0,45.0,50.0,56.8,,,,0.9779951100244498
2026-09-30,2002,觀察股,49.6,54.0,30.0,50.0,56.8,,,,-1.3020833333333335
2026-09-30,2105,觀察股,49.2,44.0,22.0,50.0,68.8,,,,-0.3262642740619833
2026-09-30,2603,觀察股,49.2,40.0,45.0,50.0,59.0,,,,-0.6263048016701461
2026-09-30,2408,觀察股,49.0,52.0,30.0,50.0,56.8,,,,0.0
2026-09-30,1326,觀察股,48.1,42.0,30.0,50.0,62.8,,,,-2.8694404591104736
2026-09-30,2379,觀察股,48.1,35.0,30.0,50.0,68.8,,,,0.2631578947368421
2026-09-30,2892,觀察股,48.0,40.0,22.0,50.0,68.8,,,,0.129366106080218
2026-09-30,2360,觀察股,46.9,35.0,45.0,50.0,56.8,,,,-2.576112412177986
2026-09-30,2337,觀察股,46.6,44.0,30.0,50.0,56.8,,,,-1.2244897959183674
2026-09-30,2357,觀察股,46.5,37.0,37.0,54.0,56.8,,,,0.41623309053069724
2026-09-30,2303,觀察股,46.2,35.0,45.0,50.0,55.0,,,,4.53074433656958
2026-10-01,1303,強力候選,59.8,64.0,45.0,50.0,68.8,,,,0.0
2026-10-01,1301,強力候選,59.2,74.0,22.0,50.0,71.8,,,,0.0
2026-10-01,2376,強力候選,57.0,64.0,45.0,50.0,60.8,,,,0.0
2026-10-01,2354,強力候選,56.0,48.0,45.0,50.0,71.8,,,,0.0
2026-10-01,6505,強力候選,55.6,64.0,45.0,50.0,56.8,,,,0.0
2026-10-01,3711,觀察股,54.4,60.0,45.0,50.0,56.8,,,,0.0
2026-10-01,2330,觀察股,54.4,60.0,45.0,50.0,56.8,,,,0.0
2026-10-01,3034,觀察股,53.9,48.0,45.0,50.0,65.8,,,,0.0
2026-10-01,8046,觀察股,52.3,35.0,30.0,50.0,80.8,,,,0.0
2026-10-01,2408,觀察股,52.1,52.0,30.0,50.0,65.8,,,,0.0
2026-10-01,2379,觀察股,51.2,35.0,30.0,50.0,77.8,,,,0.0
2026-10-01,2609,觀察股,51.1,35.0,45.0,50.0,68.8,,,,0.0
2026-10-01,2308,觀察股,50.9,64.0,30.0,50.0,52.0,,,,0.0
2026-10-01,2317,觀察股,50.8,60.0,30.0,50.0,55.0,,,,0.0
2026-10-01,2412,觀察股,50.5,35.0,37.0,50.0,71.8,,,,0.0
2026-10-01,2357,觀察股,50.5,42.0,37.0,50.0,65.8,,,,0.0
2026-10-01,2353,觀察股,50.4,38.0,37.0,50.0,68.8,,,,0.0
2026-10-01,2327,觀察股,49.8,50.0,30.0,50.0,60.8,,,,0.0
2026-10-01,2105,觀察股,49.2,44.0,22.0,50.0,68.8,,,,0.0
2026-10-01,2395,觀察股,48.1,35.0,30.0,50.0,68.8,,,,0.0
2026-10-01,2603,觀察股,47.8,40.0,45.0,50.0,55.0,,,,0.0
2026-10-01,3017,觀察股,47.5,52.0,45.0,50.0,44.0,,,,0.0
2026-10-01,3036,觀察股,46.9,35.0,45.0,50.0,56.8,,,,0.0
2026-10-01,2454,觀察股,46.9,60.0,37.0,50.0,40.0,,,,0.0
2026-10-01,2360,觀察股,46.9,35.0,45.0,50.0,56.8,,,,0.0
2026-10-01,2337,觀察股,46.6,44.0,30.0,50.0,56.8,,,,0.0
2026-10-01,2002,觀察股,46.6,44.0,30.0,50.0,56.8,,,,0.0
